Warning: You're using `next/head` inside the `app` directory, please migrate to the Metadata API. See https://nextjs.org/docs/app/building-your-application/upgrading/app-router-migration#step-3-migrating-nexthead for more details.
Browserslist: caniuse-lite is outdated. Please run:
  npx update-browserslist-db@latest
  Why you should do it regularly: https://github.com/browserslist/update-db#readme
 ⚠ Fast Refresh had to perform a full reload due to a runtime error.
 ⨯ AggregateError [ECONNREFUSED]: 
    at D:\VSCode Projects\Ideaflow\latest-main-mew\mew\node_modules\pg-pool\index.js:45:11
    at process.processTicksAndRejections (node:internal/process/task_queues:103:5)
    at async eval (webpack-internal:///(rsc)/../latest-main-mew/mew/node_modules/drizzle-orm/node-postgres/session.js:99:22)
    at async postHandler (webpack-internal:///(rsc)/./src/app/api/cache/canonical/route.ts:71:19)
    at async D:\VSCode Projects\Ideaflow\latest-main-mew\mew\node_modules\next\dist\compiled\next-server\app-route.runtime.dev.js:6:57228
    at async eT.execute (D:\VSCode Projects\Ideaflow\latest-main-mew\mew\node_modules\next\dist\compiled\next-server\app-route.runtime.dev.js:6:46851)
    at async eT.handle (D:\VSCode Projects\Ideaflow\latest-main-mew\mew\node_modules\next\dist\compiled\next-server\app-route.runtime.dev.js:6:58760)
    at async doRender (D:\VSCode Projects\Ideaflow\latest-main-mew\mew\node_modules\next\dist\server\base-server.js:1366:42)
    at async cacheEntry.responseCache.get.routeKind (D:\VSCode Projects\Ideaflow\latest-main-mew\mew\node_modules\next\dist\server\base-server.js:1588:28)
    at async DevServer.renderToResponseWithComponentsImpl (D:\VSCode Projects\Ideaflow\latest-main-mew\mew\node_modules\next\dist\server\base-server.js:1496:28)
    at async DevServer.renderPageComponent (D:\VSCode Projects\Ideaflow\latest-main-mew\mew\node_modules\next\dist\server\base-server.js:1924:24)
    at async DevServer.renderToResponseImpl (D:\VSCode Projects\Ideaflow\latest-main-mew\mew\node_modules\next\dist\server\base-server.js:1962:32)
    at async DevServer.pipeImpl (D:\VSCode Projects\Ideaflow\latest-main-mew\mew\node_modules\next\dist\server\base-server.js:922:25)
    at async NextNodeServer.handleCatchallRenderRequest (D:\VSCode Projects\Ideaflow\latest-main-mew\mew\node_modules\next\dist\server\next-server.js:272:17)
    at async DevServer.handleRequestImpl (D:\VSCode Projects\Ideaflow\latest-main-mew\mew\node_modules\next\dist\server\base-server.js:818:17)
    at async D:\VSCode Projects\Ideaflow\latest-main-mew\mew\node_modules\next\dist\server\dev\next-dev-server.js:339:20
    at async Span.traceAsyncFn (D:\VSCode Projects\Ideaflow\latest-main-mew\mew\node_modules\next\dist\trace\trace.js:154:20)
    at async DevServer.handleRequest (D:\VSCode Projects\Ideaflow\latest-main-mew\mew\node_modules\next\dist\server\dev\next-dev-server.js:336:24)
    at async invokeRender (D:\VSCode Projects\Ideaflow\latest-main-mew\mew\node_modules\next\dist\server\lib\router-server.js:182:21)
    at async handleRequest (D:\VSCode Projects\Ideaflow\latest-main-mew\mew\node_modules\next\dist\server\lib\router-server.js:359:24)
    at async requestHandlerImpl (D:\VSCode Projects\Ideaflow\latest-main-mew\mew\node_modules\next\dist\server\lib\router-server.js:383:13)
    at async Server.requestListener (D:\VSCode Projects\Ideaflow\latest-main-mew\mew\node_modules\next\dist\server\lib\start-server.js:141:13) {
  code: 'ECONNREFUSED',
  [errors]: [
    Error: connect ECONNREFUSED ::1:5432
        at createConnectionError (node:net:1678:14)
        at afterConnectMultiple (node:net:1708:16)
        at TCPConnectWrap.callbackTrampoline (node:internal/async_hooks:130:17) {
      errno: -4078,
      code: 'ECONNREFUSED',
      syscall: 'connect',
      address: '::1',
      port: 5432
    },
    Error: connect ECONNREFUSED 127.0.0.1:5432
        at createConnectionError (node:net:1678:14)
        at afterConnectMultiple (node:net:1708:16)
        at TCPConnectWrap.callbackTrampoline (node:internal/async_hooks:130:17) {
      errno: -4078,
      code: 'ECONNREFUSED',
      syscall: 'connect',
      address: '127.0.0.1',
      port: 5432
    }
  ]
}
 ⨯ AggregateError [ECONNREFUSED]: 
    at D:\VSCode Projects\Ideaflow\latest-main-mew\mew\node_modules\pg-pool\index.js:45:11
    at process.processTicksAndRejections (node:internal/process/task_queues:103:5)
    at async eval (webpack-internal:///(rsc)/../latest-main-mew/mew/node_modules/drizzle-orm/node-postgres/session.js:99:22)
    at async postHandler (webpack-internal:///(rsc)/./src/app/api/cache/canonical/route.ts:71:19)
    at async D:\VSCode Projects\Ideaflow\latest-main-mew\mew\node_modules\next\dist\compiled\next-server\app-route.runtime.dev.js:6:57228
    at async eT.execute (D:\VSCode Projects\Ideaflow\latest-main-mew\mew\node_modules\next\dist\compiled\next-server\app-route.runtime.dev.js:6:46851)
    at async eT.handle (D:\VSCode Projects\Ideaflow\latest-main-mew\mew\node_modules\next\dist\compiled\next-server\app-route.runtime.dev.js:6:58760)
    at async doRender (D:\VSCode Projects\Ideaflow\latest-main-mew\mew\node_modules\next\dist\server\base-server.js:1366:42)
    at async cacheEntry.responseCache.get.routeKind (D:\VSCode Projects\Ideaflow\latest-main-mew\mew\node_modules\next\dist\server\base-server.js:1588:28)
    at async DevServer.renderToResponseWithComponentsImpl (D:\VSCode Projects\Ideaflow\latest-main-mew\mew\node_modules\next\dist\server\base-server.js:1496:28)
    at async DevServer.renderPageComponent (D:\VSCode Projects\Ideaflow\latest-main-mew\mew\node_modules\next\dist\server\base-server.js:1924:24)
    at async DevServer.renderToResponseImpl (D:\VSCode Projects\Ideaflow\latest-main-mew\mew\node_modules\next\dist\server\base-server.js:1962:32)
    at async DevServer.pipeImpl (D:\VSCode Projects\Ideaflow\latest-main-mew\mew\node_modules\next\dist\server\base-server.js:922:25)
    at async NextNodeServer.handleCatchallRenderRequest (D:\VSCode Projects\Ideaflow\latest-main-mew\mew\node_modules\next\dist\server\next-server.js:272:17)
    at async DevServer.handleRequestImpl (D:\VSCode Projects\Ideaflow\latest-main-mew\mew\node_modules\next\dist\server\base-server.js:818:17)
    at async D:\VSCode Projects\Ideaflow\latest-main-mew\mew\node_modules\next\dist\server\dev\next-dev-server.js:339:20
    at async Span.traceAsyncFn (D:\VSCode Projects\Ideaflow\latest-main-mew\mew\node_modules\next\dist\trace\trace.js:154:20)
    at async DevServer.handleRequest (D:\VSCode Projects\Ideaflow\latest-main-mew\mew\node_modules\next\dist\server\dev\next-dev-server.js:336:24)
    at async invokeRender (D:\VSCode Projects\Ideaflow\latest-main-mew\mew\node_modules\next\dist\server\lib\router-server.js:182:21)
    at async handleRequest (D:\VSCode Projects\Ideaflow\latest-main-mew\mew\node_modules\next\dist\server\lib\router-server.js:359:24)
    at async requestHandlerImpl (D:\VSCode Projects\Ideaflow\latest-main-mew\mew\node_modules\next\dist\server\lib\router-server.js:383:13)
    at async Server.requestListener (D:\VSCode Projects\Ideaflow\latest-main-mew\mew\node_modules\next\dist\server\lib\start-server.js:141:13) {
  code: 'ECONNREFUSED',
  [errors]: [
    Error: connect ECONNREFUSED ::1:5432
        at createConnectionError (node:net:1678:14)
        at afterConnectMultiple (node:net:1708:16)
        at TCPConnectWrap.callbackTrampoline (node:internal/async_hooks:130:17) {
      errno: -4078,
      code: 'ECONNREFUSED',
      syscall: 'connect',
      address: '::1',
      port: 5432
    },
    Error: connect ECONNREFUSED 127.0.0.1:5432
        at createConnectionError (node:net:1678:14)
        at afterConnectMultiple (node:net:1708:16)
        at TCPConnectWrap.callbackTrampoline (node:internal/async_hooks:130:17) {
      errno: -4078,
      code: 'ECONNREFUSED',
      syscall: 'connect',
      address: '127.0.0.1',
      port: 5432
    }
  ]
}
 ⨯ AggregateError [ECONNREFUSED]: 
    at D:\VSCode Projects\Ideaflow\latest-main-mew\mew\node_modules\pg-pool\index.js:45:11
    at process.processTicksAndRejections (node:internal/process/task_queues:103:5)
    at async eval (webpack-internal:///(rsc)/../latest-main-mew/mew/node_modules/drizzle-orm/node-postgres/session.js:99:22)
    at async postHandler (webpack-internal:///(rsc)/./src/app/api/cache/canonical/route.ts:71:19)
    at async D:\VSCode Projects\Ideaflow\latest-main-mew\mew\node_modules\next\dist\compiled\next-server\app-route.runtime.dev.js:6:57228
    at async eT.execute (D:\VSCode Projects\Ideaflow\latest-main-mew\mew\node_modules\next\dist\compiled\next-server\app-route.runtime.dev.js:6:46851)
    at async eT.handle (D:\VSCode Projects\Ideaflow\latest-main-mew\mew\node_modules\next\dist\compiled\next-server\app-route.runtime.dev.js:6:58760)
    at async doRender (D:\VSCode Projects\Ideaflow\latest-main-mew\mew\node_modules\next\dist\server\base-server.js:1366:42)
    at async cacheEntry.responseCache.get.routeKind (D:\VSCode Projects\Ideaflow\latest-main-mew\mew\node_modules\next\dist\server\base-server.js:1588:28)
    at async DevServer.renderToResponseWithComponentsImpl (D:\VSCode Projects\Ideaflow\latest-main-mew\mew\node_modules\next\dist\server\base-server.js:1496:28)
    at async DevServer.renderPageComponent (D:\VSCode Projects\Ideaflow\latest-main-mew\mew\node_modules\next\dist\server\base-server.js:1924:24)
    at async DevServer.renderToResponseImpl (D:\VSCode Projects\Ideaflow\latest-main-mew\mew\node_modules\next\dist\server\base-server.js:1962:32)
    at async DevServer.pipeImpl (D:\VSCode Projects\Ideaflow\latest-main-mew\mew\node_modules\next\dist\server\base-server.js:922:25)
    at async NextNodeServer.handleCatchallRenderRequest (D:\VSCode Projects\Ideaflow\latest-main-mew\mew\node_modules\next\dist\server\next-server.js:272:17)
    at async DevServer.handleRequestImpl (D:\VSCode Projects\Ideaflow\latest-main-mew\mew\node_modules\next\dist\server\base-server.js:818:17)
    at async D:\VSCode Projects\Ideaflow\latest-main-mew\mew\node_modules\next\dist\server\dev\next-dev-server.js:339:20
    at async Span.traceAsyncFn (D:\VSCode Projects\Ideaflow\latest-main-mew\mew\node_modules\next\dist\trace\trace.js:154:20)
    at async DevServer.handleRequest (D:\VSCode Projects\Ideaflow\latest-main-mew\mew\node_modules\next\dist\server\dev\next-dev-server.js:336:24)
    at async invokeRender (D:\VSCode Projects\Ideaflow\latest-main-mew\mew\node_modules\next\dist\server\lib\router-server.js:182:21)
    at async handleRequest (D:\VSCode Projects\Ideaflow\latest-main-mew\mew\node_modules\next\dist\server\lib\router-server.js:359:24)
    at async requestHandlerImpl (D:\VSCode Projects\Ideaflow\latest-main-mew\mew\node_modules\next\dist\server\lib\router-server.js:383:13)
    at async Server.requestListener (D:\VSCode Projects\Ideaflow\latest-main-mew\mew\node_modules\next\dist\server\lib\start-server.js:141:13) {
  code: 'ECONNREFUSED',
  [errors]: [
    Error: connect ECONNREFUSED ::1:5432
        at createConnectionError (node:net:1678:14)
        at afterConnectMultiple (node:net:1708:16)
        at TCPConnectWrap.callbackTrampoline (node:internal/async_hooks:130:17) {
      errno: -4078,
      code: 'ECONNREFUSED',
      syscall: 'connect',
      address: '::1',
      port: 5432
    },
    Error: connect ECONNREFUSED 127.0.0.1:5432
        at createConnectionError (node:net:1678:14)
        at afterConnectMultiple (node:net:1708:16)
        at TCPConnectWrap.callbackTrampoline (node:internal/async_hooks:130:17) {
      errno: -4078,
      code: 'ECONNREFUSED',
      syscall: 'connect',
      address: '127.0.0.1',
      port: 5432
    }
  ]
}
 ⨯ AggregateError [ECONNREFUSED]: 
    at D:\VSCode Projects\Ideaflow\latest-main-mew\mew\node_modules\pg-pool\index.js:45:11
    at process.processTicksAndRejections (node:internal/process/task_queues:103:5)
    at async eval (webpack-internal:///(rsc)/../latest-main-mew/mew/node_modules/drizzle-orm/node-postgres/session.js:99:22)
    at async postHandler (webpack-internal:///(rsc)/./src/app/api/cache/canonical/route.ts:71:19)
    at async D:\VSCode Projects\Ideaflow\latest-main-mew\mew\node_modules\next\dist\compiled\next-server\app-route.runtime.dev.js:6:57228
    at async eT.execute (D:\VSCode Projects\Ideaflow\latest-main-mew\mew\node_modules\next\dist\compiled\next-server\app-route.runtime.dev.js:6:46851)
    at async eT.handle (D:\VSCode Projects\Ideaflow\latest-main-mew\mew\node_modules\next\dist\compiled\next-server\app-route.runtime.dev.js:6:58760)
    at async doRender (D:\VSCode Projects\Ideaflow\latest-main-mew\mew\node_modules\next\dist\server\base-server.js:1366:42)
    at async cacheEntry.responseCache.get.routeKind (D:\VSCode Projects\Ideaflow\latest-main-mew\mew\node_modules\next\dist\server\base-server.js:1588:28)
    at async DevServer.renderToResponseWithComponentsImpl (D:\VSCode Projects\Ideaflow\latest-main-mew\mew\node_modules\next\dist\server\base-server.js:1496:28)
    at async DevServer.renderPageComponent (D:\VSCode Projects\Ideaflow\latest-main-mew\mew\node_modules\next\dist\server\base-server.js:1924:24)
    at async DevServer.renderToResponseImpl (D:\VSCode Projects\Ideaflow\latest-main-mew\mew\node_modules\next\dist\server\base-server.js:1962:32)
    at async DevServer.pipeImpl (D:\VSCode Projects\Ideaflow\latest-main-mew\mew\node_modules\next\dist\server\base-server.js:922:25)
    at async NextNodeServer.handleCatchallRenderRequest (D:\VSCode Projects\Ideaflow\latest-main-mew\mew\node_modules\next\dist\server\next-server.js:272:17)
    at async DevServer.handleRequestImpl (D:\VSCode Projects\Ideaflow\latest-main-mew\mew\node_modules\next\dist\server\base-server.js:818:17)
    at async D:\VSCode Projects\Ideaflow\latest-main-mew\mew\node_modules\next\dist\server\dev\next-dev-server.js:339:20
    at async Span.traceAsyncFn (D:\VSCode Projects\Ideaflow\latest-main-mew\mew\node_modules\next\dist\trace\trace.js:154:20)
    at async DevServer.handleRequest (D:\VSCode Projects\Ideaflow\latest-main-mew\mew\node_modules\next\dist\server\dev\next-dev-server.js:336:24)
    at async invokeRender (D:\VSCode Projects\Ideaflow\latest-main-mew\mew\node_modules\next\dist\server\lib\router-server.js:182:21)
    at async handleRequest (D:\VSCode Projects\Ideaflow\latest-main-mew\mew\node_modules\next\dist\server\lib\router-server.js:359:24)
    at async requestHandlerImpl (D:\VSCode Projects\Ideaflow\latest-main-mew\mew\node_modules\next\dist\server\lib\router-server.js:383:13)
    at async Server.requestListener (D:\VSCode Projects\Ideaflow\latest-main-mew\mew\node_modules\next\dist\server\lib\start-server.js:141:13) {
  code: 'ECONNREFUSED',
  [errors]: [
    Error: connect ECONNREFUSED ::1:5432
        at createConnectionError (node:net:1678:14)
        at afterConnectMultiple (node:net:1708:16)
        at TCPConnectWrap.callbackTrampoline (node:internal/async_hooks:130:17) {
      errno: -4078,
      code: 'ECONNREFUSED',
      syscall: 'connect',
      address: '::1',
      port: 5432
    },
    Error: connect ECONNREFUSED 127.0.0.1:5432
        at createConnectionError (node:net:1678:14)
        at afterConnectMultiple (node:net:1708:16)
        at TCPConnectWrap.callbackTrampoline (node:internal/async_hooks:130:17) {
      errno: -4078,
      code: 'ECONNREFUSED',
      syscall: 'connect',
      address: '127.0.0.1',
      port: 5432
    }
  ]
}
 ⨯ AggregateError [ECONNREFUSED]: 
    at D:\VSCode Projects\Ideaflow\latest-main-mew\mew\node_modules\pg-pool\index.js:45:11
    at process.processTicksAndRejections (node:internal/process/task_queues:103:5)
    at async eval (webpack-internal:///(rsc)/../latest-main-mew/mew/node_modules/drizzle-orm/node-postgres/session.js:99:22)
    at async postHandler (webpack-internal:///(rsc)/./src/app/api/cache/canonical/route.ts:71:19)
    at async D:\VSCode Projects\Ideaflow\latest-main-mew\mew\node_modules\next\dist\compiled\next-server\app-route.runtime.dev.js:6:57228
    at async eT.execute (D:\VSCode Projects\Ideaflow\latest-main-mew\mew\node_modules\next\dist\compiled\next-server\app-route.runtime.dev.js:6:46851)
    at async eT.handle (D:\VSCode Projects\Ideaflow\latest-main-mew\mew\node_modules\next\dist\compiled\next-server\app-route.runtime.dev.js:6:58760)
    at async doRender (D:\VSCode Projects\Ideaflow\latest-main-mew\mew\node_modules\next\dist\server\base-server.js:1366:42)
    at async cacheEntry.responseCache.get.routeKind (D:\VSCode Projects\Ideaflow\latest-main-mew\mew\node_modules\next\dist\server\base-server.js:1588:28)
    at async DevServer.renderToResponseWithComponentsImpl (D:\VSCode Projects\Ideaflow\latest-main-mew\mew\node_modules\next\dist\server\base-server.js:1496:28)
    at async DevServer.renderPageComponent (D:\VSCode Projects\Ideaflow\latest-main-mew\mew\node_modules\next\dist\server\base-server.js:1924:24)
    at async DevServer.renderToResponseImpl (D:\VSCode Projects\Ideaflow\latest-main-mew\mew\node_modules\next\dist\server\base-server.js:1962:32)
    at async DevServer.pipeImpl (D:\VSCode Projects\Ideaflow\latest-main-mew\mew\node_modules\next\dist\server\base-server.js:922:25)
    at async NextNodeServer.handleCatchallRenderRequest (D:\VSCode Projects\Ideaflow\latest-main-mew\mew\node_modules\next\dist\server\next-server.js:272:17)
    at async DevServer.handleRequestImpl (D:\VSCode Projects\Ideaflow\latest-main-mew\mew\node_modules\next\dist\server\base-server.js:818:17)
    at async D:\VSCode Projects\Ideaflow\latest-main-mew\mew\node_modules\next\dist\server\dev\next-dev-server.js:339:20
    at async Span.traceAsyncFn (D:\VSCode Projects\Ideaflow\latest-main-mew\mew\node_modules\next\dist\trace\trace.js:154:20)
    at async DevServer.handleRequest (D:\VSCode Projects\Ideaflow\latest-main-mew\mew\node_modules\next\dist\server\dev\next-dev-server.js:336:24)
    at async invokeRender (D:\VSCode Projects\Ideaflow\latest-main-mew\mew\node_modules\next\dist\server\lib\router-server.js:182:21)
    at async handleRequest (D:\VSCode Projects\Ideaflow\latest-main-mew\mew\node_modules\next\dist\server\lib\router-server.js:359:24)
    at async requestHandlerImpl (D:\VSCode Projects\Ideaflow\latest-main-mew\mew\node_modules\next\dist\server\lib\router-server.js:383:13)
    at async Server.requestListener (D:\VSCode Projects\Ideaflow\latest-main-mew\mew\node_modules\next\dist\server\lib\start-server.js:141:13) {
  code: 'ECONNREFUSED',
  [errors]: [
    Error: connect ECONNREFUSED ::1:5432
        at createConnectionError (node:net:1678:14)
        at afterConnectMultiple (node:net:1708:16)
        at TCPConnectWrap.callbackTrampoline (node:internal/async_hooks:130:17) {
      errno: -4078,
      code: 'ECONNREFUSED',
      syscall: 'connect',
      address: '::1',
      port: 5432
    },
    Error: connect ECONNREFUSED 127.0.0.1:5432
        at createConnectionError (node:net:1678:14)
        at afterConnectMultiple (node:net:1708:16)
        at TCPConnectWrap.callbackTrampoline (node:internal/async_hooks:130:17) {
      errno: -4078,
      code: 'ECONNREFUSED',
      syscall: 'connect',
      address: '127.0.0.1',
      port: 5432
    }
  ]
}
 ⨯ AggregateError [ECONNREFUSED]: 
    at D:\VSCode Projects\Ideaflow\latest-main-mew\mew\node_modules\pg-pool\index.js:45:11
    at process.processTicksAndRejections (node:internal/process/task_queues:103:5)
    at async eval (webpack-internal:///(rsc)/../latest-main-mew/mew/node_modules/drizzle-orm/node-postgres/session.js:99:22)
    at async postHandler (webpack-internal:///(rsc)/./src/app/api/cache/canonical/route.ts:71:19)
    at async D:\VSCode Projects\Ideaflow\latest-main-mew\mew\node_modules\next\dist\compiled\next-server\app-route.runtime.dev.js:6:57228
    at async eT.execute (D:\VSCode Projects\Ideaflow\latest-main-mew\mew\node_modules\next\dist\compiled\next-server\app-route.runtime.dev.js:6:46851)
    at async eT.handle (D:\VSCode Projects\Ideaflow\latest-main-mew\mew\node_modules\next\dist\compiled\next-server\app-route.runtime.dev.js:6:58760)
    at async doRender (D:\VSCode Projects\Ideaflow\latest-main-mew\mew\node_modules\next\dist\server\base-server.js:1366:42)
    at async cacheEntry.responseCache.get.routeKind (D:\VSCode Projects\Ideaflow\latest-main-mew\mew\node_modules\next\dist\server\base-server.js:1588:28)
    at async DevServer.renderToResponseWithComponentsImpl (D:\VSCode Projects\Ideaflow\latest-main-mew\mew\node_modules\next\dist\server\base-server.js:1496:28)
    at async DevServer.renderPageComponent (D:\VSCode Projects\Ideaflow\latest-main-mew\mew\node_modules\next\dist\server\base-server.js:1924:24)
    at async DevServer.renderToResponseImpl (D:\VSCode Projects\Ideaflow\latest-main-mew\mew\node_modules\next\dist\server\base-server.js:1962:32)
    at async DevServer.pipeImpl (D:\VSCode Projects\Ideaflow\latest-main-mew\mew\node_modules\next\dist\server\base-server.js:922:25)
    at async NextNodeServer.handleCatchallRenderRequest (D:\VSCode Projects\Ideaflow\latest-main-mew\mew\node_modules\next\dist\server\next-server.js:272:17)
    at async DevServer.handleRequestImpl (D:\VSCode Projects\Ideaflow\latest-main-mew\mew\node_modules\next\dist\server\base-server.js:818:17)
    at async D:\VSCode Projects\Ideaflow\latest-main-mew\mew\node_modules\next\dist\server\dev\next-dev-server.js:339:20
    at async Span.traceAsyncFn (D:\VSCode Projects\Ideaflow\latest-main-mew\mew\node_modules\next\dist\trace\trace.js:154:20)
    at async DevServer.handleRequest (D:\VSCode Projects\Ideaflow\latest-main-mew\mew\node_modules\next\dist\server\dev\next-dev-server.js:336:24)
    at async invokeRender (D:\VSCode Projects\Ideaflow\latest-main-mew\mew\node_modules\next\dist\server\lib\router-server.js:182:21)
    at async handleRequest (D:\VSCode Projects\Ideaflow\latest-main-mew\mew\node_modules\next\dist\server\lib\router-server.js:359:24)
    at async requestHandlerImpl (D:\VSCode Projects\Ideaflow\latest-main-mew\mew\node_modules\next\dist\server\lib\router-server.js:383:13)
    at async Server.requestListener (D:\VSCode Projects\Ideaflow\latest-main-mew\mew\node_modules\next\dist\server\lib\start-server.js:141:13) {
  code: 'ECONNREFUSED',
  [errors]: [
    Error: connect ECONNREFUSED ::1:5432
        at createConnectionError (node:net:1678:14)
        at afterConnectMultiple (node:net:1708:16)
        at TCPConnectWrap.callbackTrampoline (node:internal/async_hooks:130:17) {
      errno: -4078,
      code: 'ECONNREFUSED',
      syscall: 'connect',
      address: '::1',
      port: 5432
    },
    Error: connect ECONNREFUSED 127.0.0.1:5432
        at createConnectionError (node:net:1678:14)
        at afterConnectMultiple (node:net:1708:16)
        at TCPConnectWrap.callbackTrampoline (node:internal/async_hooks:130:17) {
      errno: -4078,
      code: 'ECONNREFUSED',
      syscall: 'connect',
      address: '127.0.0.1',
      port: 5432
    }
  ]
}
 ⨯ AggregateError [ECONNREFUSED]: 
    at D:\VSCode Projects\Ideaflow\latest-main-mew\mew\node_modules\pg-pool\index.js:45:11
    at process.processTicksAndRejections (node:internal/process/task_queues:103:5)
    at async eval (webpack-internal:///(rsc)/../latest-main-mew/mew/node_modules/drizzle-orm/node-postgres/session.js:99:22)
    at async postHandler (webpack-internal:///(rsc)/./src/app/api/cache/canonical/route.ts:71:19)
    at async D:\VSCode Projects\Ideaflow\latest-main-mew\mew\node_modules\next\dist\compiled\next-server\app-route.runtime.dev.js:6:57228
    at async eT.execute (D:\VSCode Projects\Ideaflow\latest-main-mew\mew\node_modules\next\dist\compiled\next-server\app-route.runtime.dev.js:6:46851)
    at async eT.handle (D:\VSCode Projects\Ideaflow\latest-main-mew\mew\node_modules\next\dist\compiled\next-server\app-route.runtime.dev.js:6:58760)
    at async doRender (D:\VSCode Projects\Ideaflow\latest-main-mew\mew\node_modules\next\dist\server\base-server.js:1366:42)
    at async cacheEntry.responseCache.get.routeKind (D:\VSCode Projects\Ideaflow\latest-main-mew\mew\node_modules\next\dist\server\base-server.js:1588:28)
    at async DevServer.renderToResponseWithComponentsImpl (D:\VSCode Projects\Ideaflow\latest-main-mew\mew\node_modules\next\dist\server\base-server.js:1496:28)
    at async DevServer.renderPageComponent (D:\VSCode Projects\Ideaflow\latest-main-mew\mew\node_modules\next\dist\server\base-server.js:1924:24)
    at async DevServer.renderToResponseImpl (D:\VSCode Projects\Ideaflow\latest-main-mew\mew\node_modules\next\dist\server\base-server.js:1962:32)
    at async DevServer.pipeImpl (D:\VSCode Projects\Ideaflow\latest-main-mew\mew\node_modules\next\dist\server\base-server.js:922:25)
    at async NextNodeServer.handleCatchallRenderRequest (D:\VSCode Projects\Ideaflow\latest-main-mew\mew\node_modules\next\dist\server\next-server.js:272:17)
    at async DevServer.handleRequestImpl (D:\VSCode Projects\Ideaflow\latest-main-mew\mew\node_modules\next\dist\server\base-server.js:818:17)
    at async D:\VSCode Projects\Ideaflow\latest-main-mew\mew\node_modules\next\dist\server\dev\next-dev-server.js:339:20
    at async Span.traceAsyncFn (D:\VSCode Projects\Ideaflow\latest-main-mew\mew\node_modules\next\dist\trace\trace.js:154:20)
    at async DevServer.handleRequest (D:\VSCode Projects\Ideaflow\latest-main-mew\mew\node_modules\next\dist\server\dev\next-dev-server.js:336:24)
    at async invokeRender (D:\VSCode Projects\Ideaflow\latest-main-mew\mew\node_modules\next\dist\server\lib\router-server.js:182:21)
    at async handleRequest (D:\VSCode Projects\Ideaflow\latest-main-mew\mew\node_modules\next\dist\server\lib\router-server.js:359:24)
    at async requestHandlerImpl (D:\VSCode Projects\Ideaflow\latest-main-mew\mew\node_modules\next\dist\server\lib\router-server.js:383:13)
    at async Server.requestListener (D:\VSCode Projects\Ideaflow\latest-main-mew\mew\node_modules\next\dist\server\lib\start-server.js:141:13) {
  code: 'ECONNREFUSED',
  [errors]: [
    Error: connect ECONNREFUSED ::1:5432
        at createConnectionError (node:net:1678:14)
        at afterConnectMultiple (node:net:1708:16)
        at TCPConnectWrap.callbackTrampoline (node:internal/async_hooks:130:17) {
      errno: -4078,
      code: 'ECONNREFUSED',
      syscall: 'connect',
      address: '::1',
      port: 5432
    },
    Error: connect ECONNREFUSED 127.0.0.1:5432
        at createConnectionError (node:net:1678:14)
        at afterConnectMultiple (node:net:1708:16)
        at TCPConnectWrap.callbackTrampoline (node:internal/async_hooks:130:17) {
      errno: -4078,
      code: 'ECONNREFUSED',
      syscall: 'connect',
      address: '127.0.0.1',
      port: 5432
    }
  ]
}
 ⨯ AggregateError [ECONNREFUSED]: 
    at D:\VSCode Projects\Ideaflow\latest-main-mew\mew\node_modules\pg-pool\index.js:45:11
    at process.processTicksAndRejections (node:internal/process/task_queues:103:5)
    at async eval (webpack-internal:///(rsc)/../latest-main-mew/mew/node_modules/drizzle-orm/node-postgres/session.js:99:22)
    at async postHandler (webpack-internal:///(rsc)/./src/app/api/cache/canonical/route.ts:71:19)
    at async D:\VSCode Projects\Ideaflow\latest-main-mew\mew\node_modules\next\dist\compiled\next-server\app-route.runtime.dev.js:6:57228
    at async eT.execute (D:\VSCode Projects\Ideaflow\latest-main-mew\mew\node_modules\next\dist\compiled\next-server\app-route.runtime.dev.js:6:46851)
    at async eT.handle (D:\VSCode Projects\Ideaflow\latest-main-mew\mew\node_modules\next\dist\compiled\next-server\app-route.runtime.dev.js:6:58760)
    at async doRender (D:\VSCode Projects\Ideaflow\latest-main-mew\mew\node_modules\next\dist\server\base-server.js:1366:42)
    at async cacheEntry.responseCache.get.routeKind (D:\VSCode Projects\Ideaflow\latest-main-mew\mew\node_modules\next\dist\server\base-server.js:1588:28)
    at async DevServer.renderToResponseWithComponentsImpl (D:\VSCode Projects\Ideaflow\latest-main-mew\mew\node_modules\next\dist\server\base-server.js:1496:28)
    at async DevServer.renderPageComponent (D:\VSCode Projects\Ideaflow\latest-main-mew\mew\node_modules\next\dist\server\base-server.js:1924:24)
    at async DevServer.renderToResponseImpl (D:\VSCode Projects\Ideaflow\latest-main-mew\mew\node_modules\next\dist\server\base-server.js:1962:32)
    at async DevServer.pipeImpl (D:\VSCode Projects\Ideaflow\latest-main-mew\mew\node_modules\next\dist\server\base-server.js:922:25)
    at async NextNodeServer.handleCatchallRenderRequest (D:\VSCode Projects\Ideaflow\latest-main-mew\mew\node_modules\next\dist\server\next-server.js:272:17)
    at async DevServer.handleRequestImpl (D:\VSCode Projects\Ideaflow\latest-main-mew\mew\node_modules\next\dist\server\base-server.js:818:17)
    at async D:\VSCode Projects\Ideaflow\latest-main-mew\mew\node_modules\next\dist\server\dev\next-dev-server.js:339:20
    at async Span.traceAsyncFn (D:\VSCode Projects\Ideaflow\latest-main-mew\mew\node_modules\next\dist\trace\trace.js:154:20)
    at async DevServer.handleRequest (D:\VSCode Projects\Ideaflow\latest-main-mew\mew\node_modules\next\dist\server\dev\next-dev-server.js:336:24)
    at async invokeRender (D:\VSCode Projects\Ideaflow\latest-main-mew\mew\node_modules\next\dist\server\lib\router-server.js:182:21)
    at async handleRequest (D:\VSCode Projects\Ideaflow\latest-main-mew\mew\node_modules\next\dist\server\lib\router-server.js:359:24)
    at async requestHandlerImpl (D:\VSCode Projects\Ideaflow\latest-main-mew\mew\node_modules\next\dist\server\lib\router-server.js:383:13)
    at async Server.requestListener (D:\VSCode Projects\Ideaflow\latest-main-mew\mew\node_modules\next\dist\server\lib\start-server.js:141:13) {
  code: 'ECONNREFUSED',
  [errors]: [
    Error: connect ECONNREFUSED ::1:5432
        at createConnectionError (node:net:1678:14)
        at afterConnectMultiple (node:net:1708:16)
        at TCPConnectWrap.callbackTrampoline (node:internal/async_hooks:130:17) {
      errno: -4078,
      code: 'ECONNREFUSED',
      syscall: 'connect',
      address: '::1',
      port: 5432
    },
    Error: connect ECONNREFUSED 127.0.0.1:5432
        at createConnectionError (node:net:1678:14)
        at afterConnectMultiple (node:net:1708:16)
        at TCPConnectWrap.callbackTrampoline (node:internal/async_hooks:130:17) {
      errno: -4078,
      code: 'ECONNREFUSED',
      syscall: 'connect',
      address: '127.0.0.1',
      port: 5432
    }
  ]
}
 ⨯ AggregateError [ECONNREFUSED]: 
    at D:\VSCode Projects\Ideaflow\latest-main-mew\mew\node_modules\pg-pool\index.js:45:11
    at process.processTicksAndRejections (node:internal/process/task_queues:103:5)
    at async eval (webpack-internal:///(rsc)/../latest-main-mew/mew/node_modules/drizzle-orm/node-postgres/session.js:99:22)
    at async postHandler (webpack-internal:///(rsc)/./src/app/api/cache/canonical/route.ts:71:19)
    at async D:\VSCode Projects\Ideaflow\latest-main-mew\mew\node_modules\next\dist\compiled\next-server\app-route.runtime.dev.js:6:57228
    at async eT.execute (D:\VSCode Projects\Ideaflow\latest-main-mew\mew\node_modules\next\dist\compiled\next-server\app-route.runtime.dev.js:6:46851)
    at async eT.handle (D:\VSCode Projects\Ideaflow\latest-main-mew\mew\node_modules\next\dist\compiled\next-server\app-route.runtime.dev.js:6:58760)
    at async doRender (D:\VSCode Projects\Ideaflow\latest-main-mew\mew\node_modules\next\dist\server\base-server.js:1366:42)
    at async cacheEntry.responseCache.get.routeKind (D:\VSCode Projects\Ideaflow\latest-main-mew\mew\node_modules\next\dist\server\base-server.js:1588:28)
    at async DevServer.renderToResponseWithComponentsImpl (D:\VSCode Projects\Ideaflow\latest-main-mew\mew\node_modules\next\dist\server\base-server.js:1496:28)
    at async DevServer.renderPageComponent (D:\VSCode Projects\Ideaflow\latest-main-mew\mew\node_modules\next\dist\server\base-server.js:1924:24)
    at async DevServer.renderToResponseImpl (D:\VSCode Projects\Ideaflow\latest-main-mew\mew\node_modules\next\dist\server\base-server.js:1962:32)
    at async DevServer.pipeImpl (D:\VSCode Projects\Ideaflow\latest-main-mew\mew\node_modules\next\dist\server\base-server.js:922:25)
    at async NextNodeServer.handleCatchallRenderRequest (D:\VSCode Projects\Ideaflow\latest-main-mew\mew\node_modules\next\dist\server\next-server.js:272:17)
    at async DevServer.handleRequestImpl (D:\VSCode Projects\Ideaflow\latest-main-mew\mew\node_modules\next\dist\server\base-server.js:818:17)
    at async D:\VSCode Projects\Ideaflow\latest-main-mew\mew\node_modules\next\dist\server\dev\next-dev-server.js:339:20
    at async Span.traceAsyncFn (D:\VSCode Projects\Ideaflow\latest-main-mew\mew\node_modules\next\dist\trace\trace.js:154:20)
    at async DevServer.handleRequest (D:\VSCode Projects\Ideaflow\latest-main-mew\mew\node_modules\next\dist\server\dev\next-dev-server.js:336:24)
    at async invokeRender (D:\VSCode Projects\Ideaflow\latest-main-mew\mew\node_modules\next\dist\server\lib\router-server.js:182:21)
    at async handleRequest (D:\VSCode Projects\Ideaflow\latest-main-mew\mew\node_modules\next\dist\server\lib\router-server.js:359:24)
    at async requestHandlerImpl (D:\VSCode Projects\Ideaflow\latest-main-mew\mew\node_modules\next\dist\server\lib\router-server.js:383:13)
    at async Server.requestListener (D:\VSCode Projects\Ideaflow\latest-main-mew\mew\node_modules\next\dist\server\lib\start-server.js:141:13) {
  code: 'ECONNREFUSED',
  [errors]: [
    Error: connect ECONNREFUSED ::1:5432
        at createConnectionError (node:net:1678:14)
        at afterConnectMultiple (node:net:1708:16)
        at TCPConnectWrap.callbackTrampoline (node:internal/async_hooks:130:17) {
      errno: -4078,
      code: 'ECONNREFUSED',
      syscall: 'connect',
      address: '::1',
      port: 5432
    },
    Error: connect ECONNREFUSED 127.0.0.1:5432
        at createConnectionError (node:net:1678:14)
        at afterConnectMultiple (node:net:1708:16)
        at TCPConnectWrap.callbackTrampoline (node:internal/async_hooks:130:17) {
      errno: -4078,
      code: 'ECONNREFUSED',
      syscall: 'connect',
      address: '127.0.0.1',
      port: 5432
    }
  ]
}
 ⨯ AggregateError [ECONNREFUSED]: 
    at D:\VSCode Projects\Ideaflow\latest-main-mew\mew\node_modules\pg-pool\index.js:45:11
    at process.processTicksAndRejections (node:internal/process/task_queues:103:5)
    at async eval (webpack-internal:///(rsc)/../latest-main-mew/mew/node_modules/drizzle-orm/node-postgres/session.js:99:22)
    at async postHandler (webpack-internal:///(rsc)/./src/app/api/cache/canonical/route.ts:71:19)
    at async D:\VSCode Projects\Ideaflow\latest-main-mew\mew\node_modules\next\dist\compiled\next-server\app-route.runtime.dev.js:6:57228
    at async eT.execute (D:\VSCode Projects\Ideaflow\latest-main-mew\mew\node_modules\next\dist\compiled\next-server\app-route.runtime.dev.js:6:46851)
    at async eT.handle (D:\VSCode Projects\Ideaflow\latest-main-mew\mew\node_modules\next\dist\compiled\next-server\app-route.runtime.dev.js:6:58760)
    at async doRender (D:\VSCode Projects\Ideaflow\latest-main-mew\mew\node_modules\next\dist\server\base-server.js:1366:42)
    at async cacheEntry.responseCache.get.routeKind (D:\VSCode Projects\Ideaflow\latest-main-mew\mew\node_modules\next\dist\server\base-server.js:1588:28)
    at async DevServer.renderToResponseWithComponentsImpl (D:\VSCode Projects\Ideaflow\latest-main-mew\mew\node_modules\next\dist\server\base-server.js:1496:28)
    at async DevServer.renderPageComponent (D:\VSCode Projects\Ideaflow\latest-main-mew\mew\node_modules\next\dist\server\base-server.js:1924:24)
    at async DevServer.renderToResponseImpl (D:\VSCode Projects\Ideaflow\latest-main-mew\mew\node_modules\next\dist\server\base-server.js:1962:32)
    at async DevServer.pipeImpl (D:\VSCode Projects\Ideaflow\latest-main-mew\mew\node_modules\next\dist\server\base-server.js:922:25)
    at async NextNodeServer.handleCatchallRenderRequest (D:\VSCode Projects\Ideaflow\latest-main-mew\mew\node_modules\next\dist\server\next-server.js:272:17)
    at async DevServer.handleRequestImpl (D:\VSCode Projects\Ideaflow\latest-main-mew\mew\node_modules\next\dist\server\base-server.js:818:17)
    at async D:\VSCode Projects\Ideaflow\latest-main-mew\mew\node_modules\next\dist\server\dev\next-dev-server.js:339:20
    at async Span.traceAsyncFn (D:\VSCode Projects\Ideaflow\latest-main-mew\mew\node_modules\next\dist\trace\trace.js:154:20)
    at async DevServer.handleRequest (D:\VSCode Projects\Ideaflow\latest-main-mew\mew\node_modules\next\dist\server\dev\next-dev-server.js:336:24)
    at async invokeRender (D:\VSCode Projects\Ideaflow\latest-main-mew\mew\node_modules\next\dist\server\lib\router-server.js:182:21)
    at async handleRequest (D:\VSCode Projects\Ideaflow\latest-main-mew\mew\node_modules\next\dist\server\lib\router-server.js:359:24)
    at async requestHandlerImpl (D:\VSCode Projects\Ideaflow\latest-main-mew\mew\node_modules\next\dist\server\lib\router-server.js:383:13)
    at async Server.requestListener (D:\VSCode Projects\Ideaflow\latest-main-mew\mew\node_modules\next\dist\server\lib\start-server.js:141:13) {
  code: 'ECONNREFUSED',
  [errors]: [
    Error: connect ECONNREFUSED ::1:5432
        at createConnectionError (node:net:1678:14)
        at afterConnectMultiple (node:net:1708:16)
        at TCPConnectWrap.callbackTrampoline (node:internal/async_hooks:130:17) {
      errno: -4078,
      code: 'ECONNREFUSED',
      syscall: 'connect',
      address: '::1',
      port: 5432
    },
    Error: connect ECONNREFUSED 127.0.0.1:5432
        at createConnectionError (node:net:1678:14)
        at afterConnectMultiple (node:net:1708:16)
        at TCPConnectWrap.callbackTrampoline (node:internal/async_hooks:130:17) {
      errno: -4078,
      code: 'ECONNREFUSED',
      syscall: 'connect',
      address: '127.0.0.1',
      port: 5432
    }
  ]
}
 ⨯ AggregateError [ECONNREFUSED]: 
    at D:\VSCode Projects\Ideaflow\latest-main-mew\mew\node_modules\pg-pool\index.js:45:11
    at process.processTicksAndRejections (node:internal/process/task_queues:103:5)
    at async eval (webpack-internal:///(rsc)/../latest-main-mew/mew/node_modules/drizzle-orm/node-postgres/session.js:99:22)
    at async postHandler (webpack-internal:///(rsc)/./src/app/api/cache/canonical/route.ts:71:19)
    at async D:\VSCode Projects\Ideaflow\latest-main-mew\mew\node_modules\next\dist\compiled\next-server\app-route.runtime.dev.js:6:57228
    at async eT.execute (D:\VSCode Projects\Ideaflow\latest-main-mew\mew\node_modules\next\dist\compiled\next-server\app-route.runtime.dev.js:6:46851)
    at async eT.handle (D:\VSCode Projects\Ideaflow\latest-main-mew\mew\node_modules\next\dist\compiled\next-server\app-route.runtime.dev.js:6:58760)
    at async doRender (D:\VSCode Projects\Ideaflow\latest-main-mew\mew\node_modules\next\dist\server\base-server.js:1366:42)
    at async cacheEntry.responseCache.get.routeKind (D:\VSCode Projects\Ideaflow\latest-main-mew\mew\node_modules\next\dist\server\base-server.js:1588:28)
    at async DevServer.renderToResponseWithComponentsImpl (D:\VSCode Projects\Ideaflow\latest-main-mew\mew\node_modules\next\dist\server\base-server.js:1496:28)
    at async DevServer.renderPageComponent (D:\VSCode Projects\Ideaflow\latest-main-mew\mew\node_modules\next\dist\server\base-server.js:1924:24)
    at async DevServer.renderToResponseImpl (D:\VSCode Projects\Ideaflow\latest-main-mew\mew\node_modules\next\dist\server\base-server.js:1962:32)
    at async DevServer.pipeImpl (D:\VSCode Projects\Ideaflow\latest-main-mew\mew\node_modules\next\dist\server\base-server.js:922:25)
    at async NextNodeServer.handleCatchallRenderRequest (D:\VSCode Projects\Ideaflow\latest-main-mew\mew\node_modules\next\dist\server\next-server.js:272:17)
    at async DevServer.handleRequestImpl (D:\VSCode Projects\Ideaflow\latest-main-mew\mew\node_modules\next\dist\server\base-server.js:818:17)
    at async D:\VSCode Projects\Ideaflow\latest-main-mew\mew\node_modules\next\dist\server\dev\next-dev-server.js:339:20
    at async Span.traceAsyncFn (D:\VSCode Projects\Ideaflow\latest-main-mew\mew\node_modules\next\dist\trace\trace.js:154:20)
    at async DevServer.handleRequest (D:\VSCode Projects\Ideaflow\latest-main-mew\mew\node_modules\next\dist\server\dev\next-dev-server.js:336:24)
    at async invokeRender (D:\VSCode Projects\Ideaflow\latest-main-mew\mew\node_modules\next\dist\server\lib\router-server.js:182:21)
    at async handleRequest (D:\VSCode Projects\Ideaflow\latest-main-mew\mew\node_modules\next\dist\server\lib\router-server.js:359:24)
    at async requestHandlerImpl (D:\VSCode Projects\Ideaflow\latest-main-mew\mew\node_modules\next\dist\server\lib\router-server.js:383:13)
    at async Server.requestListener (D:\VSCode Projects\Ideaflow\latest-main-mew\mew\node_modules\next\dist\server\lib\start-server.js:141:13) {
  code: 'ECONNREFUSED',
  [errors]: [
    Error: connect ECONNREFUSED ::1:5432
        at createConnectionError (node:net:1678:14)
        at afterConnectMultiple (node:net:1708:16)
        at TCPConnectWrap.callbackTrampoline (node:internal/async_hooks:130:17) {
      errno: -4078,
      code: 'ECONNREFUSED',
      syscall: 'connect',
      address: '::1',
      port: 5432
    },
    Error: connect ECONNREFUSED 127.0.0.1:5432
        at createConnectionError (node:net:1678:14)
        at afterConnectMultiple (node:net:1708:16)
        at TCPConnectWrap.callbackTrampoline (node:internal/async_hooks:130:17) {
      errno: -4078,
      code: 'ECONNREFUSED',
      syscall: 'connect',
      address: '127.0.0.1',
      port: 5432
    }
  ]
}
 ⨯ AggregateError [ECONNREFUSED]: 
    at D:\VSCode Projects\Ideaflow\latest-main-mew\mew\node_modules\pg-pool\index.js:45:11
    at process.processTicksAndRejections (node:internal/process/task_queues:103:5)
    at async eval (webpack-internal:///(rsc)/../latest-main-mew/mew/node_modules/drizzle-orm/node-postgres/session.js:99:22)
    at async postHandler (webpack-internal:///(rsc)/./src/app/api/cache/canonical/route.ts:71:19)
    at async D:\VSCode Projects\Ideaflow\latest-main-mew\mew\node_modules\next\dist\compiled\next-server\app-route.runtime.dev.js:6:57228
    at async eT.execute (D:\VSCode Projects\Ideaflow\latest-main-mew\mew\node_modules\next\dist\compiled\next-server\app-route.runtime.dev.js:6:46851)
    at async eT.handle (D:\VSCode Projects\Ideaflow\latest-main-mew\mew\node_modules\next\dist\compiled\next-server\app-route.runtime.dev.js:6:58760)
    at async doRender (D:\VSCode Projects\Ideaflow\latest-main-mew\mew\node_modules\next\dist\server\base-server.js:1366:42)
    at async cacheEntry.responseCache.get.routeKind (D:\VSCode Projects\Ideaflow\latest-main-mew\mew\node_modules\next\dist\server\base-server.js:1588:28)
    at async DevServer.renderToResponseWithComponentsImpl (D:\VSCode Projects\Ideaflow\latest-main-mew\mew\node_modules\next\dist\server\base-server.js:1496:28)
    at async DevServer.renderPageComponent (D:\VSCode Projects\Ideaflow\latest-main-mew\mew\node_modules\next\dist\server\base-server.js:1924:24)
    at async DevServer.renderToResponseImpl (D:\VSCode Projects\Ideaflow\latest-main-mew\mew\node_modules\next\dist\server\base-server.js:1962:32)
    at async DevServer.pipeImpl (D:\VSCode Projects\Ideaflow\latest-main-mew\mew\node_modules\next\dist\server\base-server.js:922:25)
    at async NextNodeServer.handleCatchallRenderRequest (D:\VSCode Projects\Ideaflow\latest-main-mew\mew\node_modules\next\dist\server\next-server.js:272:17)
    at async DevServer.handleRequestImpl (D:\VSCode Projects\Ideaflow\latest-main-mew\mew\node_modules\next\dist\server\base-server.js:818:17)
    at async D:\VSCode Projects\Ideaflow\latest-main-mew\mew\node_modules\next\dist\server\dev\next-dev-server.js:339:20
    at async Span.traceAsyncFn (D:\VSCode Projects\Ideaflow\latest-main-mew\mew\node_modules\next\dist\trace\trace.js:154:20)
    at async DevServer.handleRequest (D:\VSCode Projects\Ideaflow\latest-main-mew\mew\node_modules\next\dist\server\dev\next-dev-server.js:336:24)
    at async invokeRender (D:\VSCode Projects\Ideaflow\latest-main-mew\mew\node_modules\next\dist\server\lib\router-server.js:182:21)
    at async handleRequest (D:\VSCode Projects\Ideaflow\latest-main-mew\mew\node_modules\next\dist\server\lib\router-server.js:359:24)
    at async requestHandlerImpl (D:\VSCode Projects\Ideaflow\latest-main-mew\mew\node_modules\next\dist\server\lib\router-server.js:383:13)
    at async Server.requestListener (D:\VSCode Projects\Ideaflow\latest-main-mew\mew\node_modules\next\dist\server\lib\start-server.js:141:13) {
  code: 'ECONNREFUSED',
  [errors]: [
    Error: connect ECONNREFUSED ::1:5432
        at createConnectionError (node:net:1678:14)
        at afterConnectMultiple (node:net:1708:16)
        at TCPConnectWrap.callbackTrampoline (node:internal/async_hooks:130:17) {
      errno: -4078,
      code: 'ECONNREFUSED',
      syscall: 'connect',
      address: '::1',
      port: 5432
    },
    Error: connect ECONNREFUSED 127.0.0.1:5432
        at createConnectionError (node:net:1678:14)
        at afterConnectMultiple (node:net:1708:16)
        at TCPConnectWrap.callbackTrampoline (node:internal/async_hooks:130:17) {
      errno: -4078,
      code: 'ECONNREFUSED',
      syscall: 'connect',
      address: '127.0.0.1',
      port: 5432
    }
  ]
}
 ⚠ Fast Refresh had to perform a full reload. Read more: https://nextjs.org/docs/messages/fast-refresh-reload
 ⚠ Fast Refresh had to perform a full reload. Read more: https://nextjs.org/docs/messages/fast-refresh-reload
 ⚠ Fast Refresh had to perform a full reload. Read more: https://nextjs.org/docs/messages/fast-refresh-reload
 ⨯ AggregateError [ECONNREFUSED]: 
    at D:\VSCode Projects\Ideaflow\latest-main-mew\mew\node_modules\pg-pool\index.js:45:11
    at process.processTicksAndRejections (node:internal/process/task_queues:103:5)
    at async eval (webpack-internal:///(rsc)/../latest-main-mew/mew/node_modules/drizzle-orm/node-postgres/session.js:99:22)
    at async postHandler (webpack-internal:///(rsc)/./src/app/api/cache/canonical/route.ts:71:19)
    at async D:\VSCode Projects\Ideaflow\latest-main-mew\mew\node_modules\next\dist\compiled\next-server\app-route.runtime.dev.js:6:57228
    at async eT.execute (D:\VSCode Projects\Ideaflow\latest-main-mew\mew\node_modules\next\dist\compiled\next-server\app-route.runtime.dev.js:6:46851)
    at async eT.handle (D:\VSCode Projects\Ideaflow\latest-main-mew\mew\node_modules\next\dist\compiled\next-server\app-route.runtime.dev.js:6:58760)
    at async doRender (D:\VSCode Projects\Ideaflow\latest-main-mew\mew\node_modules\next\dist\server\base-server.js:1366:42)
    at async cacheEntry.responseCache.get.routeKind (D:\VSCode Projects\Ideaflow\latest-main-mew\mew\node_modules\next\dist\server\base-server.js:1588:28)
    at async DevServer.renderToResponseWithComponentsImpl (D:\VSCode Projects\Ideaflow\latest-main-mew\mew\node_modules\next\dist\server\base-server.js:1496:28)
    at async DevServer.renderPageComponent (D:\VSCode Projects\Ideaflow\latest-main-mew\mew\node_modules\next\dist\server\base-server.js:1924:24)
    at async DevServer.renderToResponseImpl (D:\VSCode Projects\Ideaflow\latest-main-mew\mew\node_modules\next\dist\server\base-server.js:1962:32)
    at async DevServer.pipeImpl (D:\VSCode Projects\Ideaflow\latest-main-mew\mew\node_modules\next\dist\server\base-server.js:922:25)
    at async NextNodeServer.handleCatchallRenderRequest (D:\VSCode Projects\Ideaflow\latest-main-mew\mew\node_modules\next\dist\server\next-server.js:272:17)
    at async DevServer.handleRequestImpl (D:\VSCode Projects\Ideaflow\latest-main-mew\mew\node_modules\next\dist\server\base-server.js:818:17)
    at async D:\VSCode Projects\Ideaflow\latest-main-mew\mew\node_modules\next\dist\server\dev\next-dev-server.js:339:20
    at async Span.traceAsyncFn (D:\VSCode Projects\Ideaflow\latest-main-mew\mew\node_modules\next\dist\trace\trace.js:154:20)
    at async DevServer.handleRequest (D:\VSCode Projects\Ideaflow\latest-main-mew\mew\node_modules\next\dist\server\dev\next-dev-server.js:336:24)
    at async invokeRender (D:\VSCode Projects\Ideaflow\latest-main-mew\mew\node_modules\next\dist\server\lib\router-server.js:182:21)
    at async handleRequest (D:\VSCode Projects\Ideaflow\latest-main-mew\mew\node_modules\next\dist\server\lib\router-server.js:359:24)
    at async requestHandlerImpl (D:\VSCode Projects\Ideaflow\latest-main-mew\mew\node_modules\next\dist\server\lib\router-server.js:383:13)
    at async Server.requestListener (D:\VSCode Projects\Ideaflow\latest-main-mew\mew\node_modules\next\dist\server\lib\start-server.js:141:13) {
  code: 'ECONNREFUSED',
  [errors]: [
    Error: connect ECONNREFUSED ::1:5432
        at createConnectionError (node:net:1678:14)
        at afterConnectMultiple (node:net:1708:16)
        at TCPConnectWrap.callbackTrampoline (node:internal/async_hooks:130:17) {
      errno: -4078,
      code: 'ECONNREFUSED',
      syscall: 'connect',
      address: '::1',
      port: 5432
    },
    Error: connect ECONNREFUSED 127.0.0.1:5432
        at createConnectionError (node:net:1678:14)
        at afterConnectMultiple (node:net:1708:16)
        at TCPConnectWrap.callbackTrampoline (node:internal/async_hooks:130:17) {
      errno: -4078,
      code: 'ECONNREFUSED',
      syscall: 'connect',
      address: '127.0.0.1',
      port: 5432
    }
  ]
}
 ⨯ AggregateError [ECONNREFUSED]: 
    at D:\VSCode Projects\Ideaflow\latest-main-mew\mew\node_modules\pg-pool\index.js:45:11
    at process.processTicksAndRejections (node:internal/process/task_queues:103:5)
    at async eval (webpack-internal:///(rsc)/../latest-main-mew/mew/node_modules/drizzle-orm/node-postgres/session.js:99:22)
    at async postHandler (webpack-internal:///(rsc)/./src/app/api/cache/canonical/route.ts:71:19)
    at async D:\VSCode Projects\Ideaflow\latest-main-mew\mew\node_modules\next\dist\compiled\next-server\app-route.runtime.dev.js:6:57228
    at async eT.execute (D:\VSCode Projects\Ideaflow\latest-main-mew\mew\node_modules\next\dist\compiled\next-server\app-route.runtime.dev.js:6:46851)
    at async eT.handle (D:\VSCode Projects\Ideaflow\latest-main-mew\mew\node_modules\next\dist\compiled\next-server\app-route.runtime.dev.js:6:58760)
    at async doRender (D:\VSCode Projects\Ideaflow\latest-main-mew\mew\node_modules\next\dist\server\base-server.js:1366:42)
    at async cacheEntry.responseCache.get.routeKind (D:\VSCode Projects\Ideaflow\latest-main-mew\mew\node_modules\next\dist\server\base-server.js:1588:28)
    at async DevServer.renderToResponseWithComponentsImpl (D:\VSCode Projects\Ideaflow\latest-main-mew\mew\node_modules\next\dist\server\base-server.js:1496:28)
    at async DevServer.renderPageComponent (D:\VSCode Projects\Ideaflow\latest-main-mew\mew\node_modules\next\dist\server\base-server.js:1924:24)
    at async DevServer.renderToResponseImpl (D:\VSCode Projects\Ideaflow\latest-main-mew\mew\node_modules\next\dist\server\base-server.js:1962:32)
    at async DevServer.pipeImpl (D:\VSCode Projects\Ideaflow\latest-main-mew\mew\node_modules\next\dist\server\base-server.js:922:25)
    at async NextNodeServer.handleCatchallRenderRequest (D:\VSCode Projects\Ideaflow\latest-main-mew\mew\node_modules\next\dist\server\next-server.js:272:17)
    at async DevServer.handleRequestImpl (D:\VSCode Projects\Ideaflow\latest-main-mew\mew\node_modules\next\dist\server\base-server.js:818:17)
    at async D:\VSCode Projects\Ideaflow\latest-main-mew\mew\node_modules\next\dist\server\dev\next-dev-server.js:339:20
    at async Span.traceAsyncFn (D:\VSCode Projects\Ideaflow\latest-main-mew\mew\node_modules\next\dist\trace\trace.js:154:20)
    at async DevServer.handleRequest (D:\VSCode Projects\Ideaflow\latest-main-mew\mew\node_modules\next\dist\server\dev\next-dev-server.js:336:24)
    at async invokeRender (D:\VSCode Projects\Ideaflow\latest-main-mew\mew\node_modules\next\dist\server\lib\router-server.js:182:21)
    at async handleRequest (D:\VSCode Projects\Ideaflow\latest-main-mew\mew\node_modules\next\dist\server\lib\router-server.js:359:24)
    at async requestHandlerImpl (D:\VSCode Projects\Ideaflow\latest-main-mew\mew\node_modules\next\dist\server\lib\router-server.js:383:13)
    at async Server.requestListener (D:\VSCode Projects\Ideaflow\latest-main-mew\mew\node_modules\next\dist\server\lib\start-server.js:141:13) {
  code: 'ECONNREFUSED',
  [errors]: [
    Error: connect ECONNREFUSED ::1:5432
        at createConnectionError (node:net:1678:14)
        at afterConnectMultiple (node:net:1708:16)
        at TCPConnectWrap.callbackTrampoline (node:internal/async_hooks:130:17) {
      errno: -4078,
      code: 'ECONNREFUSED',
      syscall: 'connect',
      address: '::1',
      port: 5432
    },
    Error: connect ECONNREFUSED 127.0.0.1:5432
        at createConnectionError (node:net:1678:14)
        at afterConnectMultiple (node:net:1708:16)
        at TCPConnectWrap.callbackTrampoline (node:internal/async_hooks:130:17) {
      errno: -4078,
      code: 'ECONNREFUSED',
      syscall: 'connect',
      address: '127.0.0.1',
      port: 5432
    }
  ]
}
 ⨯ AggregateError [ECONNREFUSED]: 
    at D:\VSCode Projects\Ideaflow\latest-main-mew\mew\node_modules\pg-pool\index.js:45:11
    at process.processTicksAndRejections (node:internal/process/task_queues:103:5)
    at async eval (webpack-internal:///(rsc)/../latest-main-mew/mew/node_modules/drizzle-orm/node-postgres/session.js:99:22)
    at async postHandler (webpack-internal:///(rsc)/./src/app/api/cache/canonical/route.ts:71:19)
    at async D:\VSCode Projects\Ideaflow\latest-main-mew\mew\node_modules\next\dist\compiled\next-server\app-route.runtime.dev.js:6:57228
    at async eT.execute (D:\VSCode Projects\Ideaflow\latest-main-mew\mew\node_modules\next\dist\compiled\next-server\app-route.runtime.dev.js:6:46851)
    at async eT.handle (D:\VSCode Projects\Ideaflow\latest-main-mew\mew\node_modules\next\dist\compiled\next-server\app-route.runtime.dev.js:6:58760)
    at async doRender (D:\VSCode Projects\Ideaflow\latest-main-mew\mew\node_modules\next\dist\server\base-server.js:1366:42)
    at async cacheEntry.responseCache.get.routeKind (D:\VSCode Projects\Ideaflow\latest-main-mew\mew\node_modules\next\dist\server\base-server.js:1588:28)
    at async DevServer.renderToResponseWithComponentsImpl (D:\VSCode Projects\Ideaflow\latest-main-mew\mew\node_modules\next\dist\server\base-server.js:1496:28)
    at async DevServer.renderPageComponent (D:\VSCode Projects\Ideaflow\latest-main-mew\mew\node_modules\next\dist\server\base-server.js:1924:24)
    at async DevServer.renderToResponseImpl (D:\VSCode Projects\Ideaflow\latest-main-mew\mew\node_modules\next\dist\server\base-server.js:1962:32)
    at async DevServer.pipeImpl (D:\VSCode Projects\Ideaflow\latest-main-mew\mew\node_modules\next\dist\server\base-server.js:922:25)
    at async NextNodeServer.handleCatchallRenderRequest (D:\VSCode Projects\Ideaflow\latest-main-mew\mew\node_modules\next\dist\server\next-server.js:272:17)
    at async DevServer.handleRequestImpl (D:\VSCode Projects\Ideaflow\latest-main-mew\mew\node_modules\next\dist\server\base-server.js:818:17)
    at async D:\VSCode Projects\Ideaflow\latest-main-mew\mew\node_modules\next\dist\server\dev\next-dev-server.js:339:20
    at async Span.traceAsyncFn (D:\VSCode Projects\Ideaflow\latest-main-mew\mew\node_modules\next\dist\trace\trace.js:154:20)
    at async DevServer.handleRequest (D:\VSCode Projects\Ideaflow\latest-main-mew\mew\node_modules\next\dist\server\dev\next-dev-server.js:336:24)
    at async invokeRender (D:\VSCode Projects\Ideaflow\latest-main-mew\mew\node_modules\next\dist\server\lib\router-server.js:182:21)
    at async handleRequest (D:\VSCode Projects\Ideaflow\latest-main-mew\mew\node_modules\next\dist\server\lib\router-server.js:359:24)
    at async requestHandlerImpl (D:\VSCode Projects\Ideaflow\latest-main-mew\mew\node_modules\next\dist\server\lib\router-server.js:383:13)
    at async Server.requestListener (D:\VSCode Projects\Ideaflow\latest-main-mew\mew\node_modules\next\dist\server\lib\start-server.js:141:13) {
  code: 'ECONNREFUSED',
  [errors]: [
    Error: connect ECONNREFUSED ::1:5432
        at createConnectionError (node:net:1678:14)
        at afterConnectMultiple (node:net:1708:16)
        at TCPConnectWrap.callbackTrampoline (node:internal/async_hooks:130:17) {
      errno: -4078,
      code: 'ECONNREFUSED',
      syscall: 'connect',
      address: '::1',
      port: 5432
    },
    Error: connect ECONNREFUSED 127.0.0.1:5432
        at createConnectionError (node:net:1678:14)
        at afterConnectMultiple (node:net:1708:16)
        at TCPConnectWrap.callbackTrampoline (node:internal/async_hooks:130:17) {
      errno: -4078,
      code: 'ECONNREFUSED',
      syscall: 'connect',
      address: '127.0.0.1',
      port: 5432
    }
  ]
}
 ⨯ AggregateError [ECONNREFUSED]: 
    at D:\VSCode Projects\Ideaflow\latest-main-mew\mew\node_modules\pg-pool\index.js:45:11
    at process.processTicksAndRejections (node:internal/process/task_queues:103:5)
    at async eval (webpack-internal:///(rsc)/../latest-main-mew/mew/node_modules/drizzle-orm/node-postgres/session.js:99:22)
    at async postHandler (webpack-internal:///(rsc)/./src/app/api/cache/canonical/route.ts:71:19)
    at async D:\VSCode Projects\Ideaflow\latest-main-mew\mew\node_modules\next\dist\compiled\next-server\app-route.runtime.dev.js:6:57228
    at async eT.execute (D:\VSCode Projects\Ideaflow\latest-main-mew\mew\node_modules\next\dist\compiled\next-server\app-route.runtime.dev.js:6:46851)
    at async eT.handle (D:\VSCode Projects\Ideaflow\latest-main-mew\mew\node_modules\next\dist\compiled\next-server\app-route.runtime.dev.js:6:58760)
    at async doRender (D:\VSCode Projects\Ideaflow\latest-main-mew\mew\node_modules\next\dist\server\base-server.js:1366:42)
    at async cacheEntry.responseCache.get.routeKind (D:\VSCode Projects\Ideaflow\latest-main-mew\mew\node_modules\next\dist\server\base-server.js:1588:28)
    at async DevServer.renderToResponseWithComponentsImpl (D:\VSCode Projects\Ideaflow\latest-main-mew\mew\node_modules\next\dist\server\base-server.js:1496:28)
    at async DevServer.renderPageComponent (D:\VSCode Projects\Ideaflow\latest-main-mew\mew\node_modules\next\dist\server\base-server.js:1924:24)
    at async DevServer.renderToResponseImpl (D:\VSCode Projects\Ideaflow\latest-main-mew\mew\node_modules\next\dist\server\base-server.js:1962:32)
    at async DevServer.pipeImpl (D:\VSCode Projects\Ideaflow\latest-main-mew\mew\node_modules\next\dist\server\base-server.js:922:25)
    at async NextNodeServer.handleCatchallRenderRequest (D:\VSCode Projects\Ideaflow\latest-main-mew\mew\node_modules\next\dist\server\next-server.js:272:17)
    at async DevServer.handleRequestImpl (D:\VSCode Projects\Ideaflow\latest-main-mew\mew\node_modules\next\dist\server\base-server.js:818:17)
    at async D:\VSCode Projects\Ideaflow\latest-main-mew\mew\node_modules\next\dist\server\dev\next-dev-server.js:339:20
    at async Span.traceAsyncFn (D:\VSCode Projects\Ideaflow\latest-main-mew\mew\node_modules\next\dist\trace\trace.js:154:20)
    at async DevServer.handleRequest (D:\VSCode Projects\Ideaflow\latest-main-mew\mew\node_modules\next\dist\server\dev\next-dev-server.js:336:24)
    at async invokeRender (D:\VSCode Projects\Ideaflow\latest-main-mew\mew\node_modules\next\dist\server\lib\router-server.js:182:21)
    at async handleRequest (D:\VSCode Projects\Ideaflow\latest-main-mew\mew\node_modules\next\dist\server\lib\router-server.js:359:24)
    at async requestHandlerImpl (D:\VSCode Projects\Ideaflow\latest-main-mew\mew\node_modules\next\dist\server\lib\router-server.js:383:13)
    at async Server.requestListener (D:\VSCode Projects\Ideaflow\latest-main-mew\mew\node_modules\next\dist\server\lib\start-server.js:141:13) {
  code: 'ECONNREFUSED',
  [errors]: [
    Error: connect ECONNREFUSED ::1:5432
        at createConnectionError (node:net:1678:14)
        at afterConnectMultiple (node:net:1708:16)
        at TCPConnectWrap.callbackTrampoline (node:internal/async_hooks:130:17) {
      errno: -4078,
      code: 'ECONNREFUSED',
      syscall: 'connect',
      address: '::1',
      port: 5432
    },
    Error: connect ECONNREFUSED 127.0.0.1:5432
        at createConnectionError (node:net:1678:14)
        at afterConnectMultiple (node:net:1708:16)
        at TCPConnectWrap.callbackTrampoline (node:internal/async_hooks:130:17) {
      errno: -4078,
      code: 'ECONNREFUSED',
      syscall: 'connect',
      address: '127.0.0.1',
      port: 5432
    }
  ]
}
 ⨯ AggregateError [ECONNREFUSED]: 
    at D:\VSCode Projects\Ideaflow\latest-main-mew\mew\node_modules\pg-pool\index.js:45:11
    at process.processTicksAndRejections (node:internal/process/task_queues:103:5)
    at async eval (webpack-internal:///(rsc)/../latest-main-mew/mew/node_modules/drizzle-orm/node-postgres/session.js:99:22)
    at async postHandler (webpack-internal:///(rsc)/./src/app/api/cache/canonical/route.ts:71:19)
    at async D:\VSCode Projects\Ideaflow\latest-main-mew\mew\node_modules\next\dist\compiled\next-server\app-route.runtime.dev.js:6:57228
    at async eT.execute (D:\VSCode Projects\Ideaflow\latest-main-mew\mew\node_modules\next\dist\compiled\next-server\app-route.runtime.dev.js:6:46851)
    at async eT.handle (D:\VSCode Projects\Ideaflow\latest-main-mew\mew\node_modules\next\dist\compiled\next-server\app-route.runtime.dev.js:6:58760)
    at async doRender (D:\VSCode Projects\Ideaflow\latest-main-mew\mew\node_modules\next\dist\server\base-server.js:1366:42)
    at async cacheEntry.responseCache.get.routeKind (D:\VSCode Projects\Ideaflow\latest-main-mew\mew\node_modules\next\dist\server\base-server.js:1588:28)
    at async DevServer.renderToResponseWithComponentsImpl (D:\VSCode Projects\Ideaflow\latest-main-mew\mew\node_modules\next\dist\server\base-server.js:1496:28)
    at async DevServer.renderPageComponent (D:\VSCode Projects\Ideaflow\latest-main-mew\mew\node_modules\next\dist\server\base-server.js:1924:24)
    at async DevServer.renderToResponseImpl (D:\VSCode Projects\Ideaflow\latest-main-mew\mew\node_modules\next\dist\server\base-server.js:1962:32)
    at async DevServer.pipeImpl (D:\VSCode Projects\Ideaflow\latest-main-mew\mew\node_modules\next\dist\server\base-server.js:922:25)
    at async NextNodeServer.handleCatchallRenderRequest (D:\VSCode Projects\Ideaflow\latest-main-mew\mew\node_modules\next\dist\server\next-server.js:272:17)
    at async DevServer.handleRequestImpl (D:\VSCode Projects\Ideaflow\latest-main-mew\mew\node_modules\next\dist\server\base-server.js:818:17)
    at async D:\VSCode Projects\Ideaflow\latest-main-mew\mew\node_modules\next\dist\server\dev\next-dev-server.js:339:20
    at async Span.traceAsyncFn (D:\VSCode Projects\Ideaflow\latest-main-mew\mew\node_modules\next\dist\trace\trace.js:154:20)
    at async DevServer.handleRequest (D:\VSCode Projects\Ideaflow\latest-main-mew\mew\node_modules\next\dist\server\dev\next-dev-server.js:336:24)
    at async invokeRender (D:\VSCode Projects\Ideaflow\latest-main-mew\mew\node_modules\next\dist\server\lib\router-server.js:182:21)
    at async handleRequest (D:\VSCode Projects\Ideaflow\latest-main-mew\mew\node_modules\next\dist\server\lib\router-server.js:359:24)
    at async requestHandlerImpl (D:\VSCode Projects\Ideaflow\latest-main-mew\mew\node_modules\next\dist\server\lib\router-server.js:383:13)
    at async Server.requestListener (D:\VSCode Projects\Ideaflow\latest-main-mew\mew\node_modules\next\dist\server\lib\start-server.js:141:13) {
  code: 'ECONNREFUSED',
  [errors]: [
    Error: connect ECONNREFUSED ::1:5432
        at createConnectionError (node:net:1678:14)
        at afterConnectMultiple (node:net:1708:16)
        at TCPConnectWrap.callbackTrampoline (node:internal/async_hooks:130:17) {
      errno: -4078,
      code: 'ECONNREFUSED',
      syscall: 'connect',
      address: '::1',
      port: 5432
    },
    Error: connect ECONNREFUSED 127.0.0.1:5432
        at createConnectionError (node:net:1678:14)
        at afterConnectMultiple (node:net:1708:16)
        at TCPConnectWrap.callbackTrampoline (node:internal/async_hooks:130:17) {
      errno: -4078,
      code: 'ECONNREFUSED',
      syscall: 'connect',
      address: '127.0.0.1',
      port: 5432
    }
  ]
}
 ⨯ AggregateError [ECONNREFUSED]: 
    at D:\VSCode Projects\Ideaflow\latest-main-mew\mew\node_modules\pg-pool\index.js:45:11
    at process.processTicksAndRejections (node:internal/process/task_queues:103:5)
    at async eval (webpack-internal:///(rsc)/../latest-main-mew/mew/node_modules/drizzle-orm/node-postgres/session.js:99:22)
    at async postHandler (webpack-internal:///(rsc)/./src/app/api/cache/canonical/route.ts:71:19)
    at async D:\VSCode Projects\Ideaflow\latest-main-mew\mew\node_modules\next\dist\compiled\next-server\app-route.runtime.dev.js:6:57228
    at async eT.execute (D:\VSCode Projects\Ideaflow\latest-main-mew\mew\node_modules\next\dist\compiled\next-server\app-route.runtime.dev.js:6:46851)
    at async eT.handle (D:\VSCode Projects\Ideaflow\latest-main-mew\mew\node_modules\next\dist\compiled\next-server\app-route.runtime.dev.js:6:58760)
    at async doRender (D:\VSCode Projects\Ideaflow\latest-main-mew\mew\node_modules\next\dist\server\base-server.js:1366:42)
    at async cacheEntry.responseCache.get.routeKind (D:\VSCode Projects\Ideaflow\latest-main-mew\mew\node_modules\next\dist\server\base-server.js:1588:28)
    at async DevServer.renderToResponseWithComponentsImpl (D:\VSCode Projects\Ideaflow\latest-main-mew\mew\node_modules\next\dist\server\base-server.js:1496:28)
    at async DevServer.renderPageComponent (D:\VSCode Projects\Ideaflow\latest-main-mew\mew\node_modules\next\dist\server\base-server.js:1924:24)
    at async DevServer.renderToResponseImpl (D:\VSCode Projects\Ideaflow\latest-main-mew\mew\node_modules\next\dist\server\base-server.js:1962:32)
    at async DevServer.pipeImpl (D:\VSCode Projects\Ideaflow\latest-main-mew\mew\node_modules\next\dist\server\base-server.js:922:25)
    at async NextNodeServer.handleCatchallRenderRequest (D:\VSCode Projects\Ideaflow\latest-main-mew\mew\node_modules\next\dist\server\next-server.js:272:17)
    at async DevServer.handleRequestImpl (D:\VSCode Projects\Ideaflow\latest-main-mew\mew\node_modules\next\dist\server\base-server.js:818:17)
    at async D:\VSCode Projects\Ideaflow\latest-main-mew\mew\node_modules\next\dist\server\dev\next-dev-server.js:339:20
    at async Span.traceAsyncFn (D:\VSCode Projects\Ideaflow\latest-main-mew\mew\node_modules\next\dist\trace\trace.js:154:20)
    at async DevServer.handleRequest (D:\VSCode Projects\Ideaflow\latest-main-mew\mew\node_modules\next\dist\server\dev\next-dev-server.js:336:24)
    at async invokeRender (D:\VSCode Projects\Ideaflow\latest-main-mew\mew\node_modules\next\dist\server\lib\router-server.js:182:21)
    at async handleRequest (D:\VSCode Projects\Ideaflow\latest-main-mew\mew\node_modules\next\dist\server\lib\router-server.js:359:24)
    at async requestHandlerImpl (D:\VSCode Projects\Ideaflow\latest-main-mew\mew\node_modules\next\dist\server\lib\router-server.js:383:13)
    at async Server.requestListener (D:\VSCode Projects\Ideaflow\latest-main-mew\mew\node_modules\next\dist\server\lib\start-server.js:141:13) {
  code: 'ECONNREFUSED',
  [errors]: [
    Error: connect ECONNREFUSED ::1:5432
        at createConnectionError (node:net:1678:14)
        at afterConnectMultiple (node:net:1708:16)
        at TCPConnectWrap.callbackTrampoline (node:internal/async_hooks:130:17) {
      errno: -4078,
      code: 'ECONNREFUSED',
      syscall: 'connect',
      address: '::1',
      port: 5432
    },
    Error: connect ECONNREFUSED 127.0.0.1:5432
        at createConnectionError (node:net:1678:14)
        at afterConnectMultiple (node:net:1708:16)
        at TCPConnectWrap.callbackTrampoline (node:internal/async_hooks:130:17) {
      errno: -4078,
      code: 'ECONNREFUSED',
      syscall: 'connect',
      address: '127.0.0.1',
      port: 5432
    }
  ]
}
 ⨯ AggregateError [ECONNREFUSED]: 
    at D:\VSCode Projects\Ideaflow\latest-main-mew\mew\node_modules\pg-pool\index.js:45:11
    at process.processTicksAndRejections (node:internal/process/task_queues:103:5)
    at async eval (webpack-internal:///(rsc)/../latest-main-mew/mew/node_modules/drizzle-orm/node-postgres/session.js:99:22)
    at async postHandler (webpack-internal:///(rsc)/./src/app/api/cache/canonical/route.ts:71:19)
    at async D:\VSCode Projects\Ideaflow\latest-main-mew\mew\node_modules\next\dist\compiled\next-server\app-route.runtime.dev.js:6:57228
    at async eT.execute (D:\VSCode Projects\Ideaflow\latest-main-mew\mew\node_modules\next\dist\compiled\next-server\app-route.runtime.dev.js:6:46851)
    at async eT.handle (D:\VSCode Projects\Ideaflow\latest-main-mew\mew\node_modules\next\dist\compiled\next-server\app-route.runtime.dev.js:6:58760)
    at async doRender (D:\VSCode Projects\Ideaflow\latest-main-mew\mew\node_modules\next\dist\server\base-server.js:1366:42)
    at async cacheEntry.responseCache.get.routeKind (D:\VSCode Projects\Ideaflow\latest-main-mew\mew\node_modules\next\dist\server\base-server.js:1588:28)
    at async DevServer.renderToResponseWithComponentsImpl (D:\VSCode Projects\Ideaflow\latest-main-mew\mew\node_modules\next\dist\server\base-server.js:1496:28)
    at async DevServer.renderPageComponent (D:\VSCode Projects\Ideaflow\latest-main-mew\mew\node_modules\next\dist\server\base-server.js:1924:24)
    at async DevServer.renderToResponseImpl (D:\VSCode Projects\Ideaflow\latest-main-mew\mew\node_modules\next\dist\server\base-server.js:1962:32)
    at async DevServer.pipeImpl (D:\VSCode Projects\Ideaflow\latest-main-mew\mew\node_modules\next\dist\server\base-server.js:922:25)
    at async NextNodeServer.handleCatchallRenderRequest (D:\VSCode Projects\Ideaflow\latest-main-mew\mew\node_modules\next\dist\server\next-server.js:272:17)
    at async DevServer.handleRequestImpl (D:\VSCode Projects\Ideaflow\latest-main-mew\mew\node_modules\next\dist\server\base-server.js:818:17)
    at async D:\VSCode Projects\Ideaflow\latest-main-mew\mew\node_modules\next\dist\server\dev\next-dev-server.js:339:20
    at async Span.traceAsyncFn (D:\VSCode Projects\Ideaflow\latest-main-mew\mew\node_modules\next\dist\trace\trace.js:154:20)
    at async DevServer.handleRequest (D:\VSCode Projects\Ideaflow\latest-main-mew\mew\node_modules\next\dist\server\dev\next-dev-server.js:336:24)
    at async invokeRender (D:\VSCode Projects\Ideaflow\latest-main-mew\mew\node_modules\next\dist\server\lib\router-server.js:182:21)
    at async handleRequest (D:\VSCode Projects\Ideaflow\latest-main-mew\mew\node_modules\next\dist\server\lib\router-server.js:359:24)
    at async requestHandlerImpl (D:\VSCode Projects\Ideaflow\latest-main-mew\mew\node_modules\next\dist\server\lib\router-server.js:383:13)
    at async Server.requestListener (D:\VSCode Projects\Ideaflow\latest-main-mew\mew\node_modules\next\dist\server\lib\start-server.js:141:13) {
  code: 'ECONNREFUSED',
  [errors]: [
    Error: connect ECONNREFUSED ::1:5432
        at createConnectionError (node:net:1678:14)
        at afterConnectMultiple (node:net:1708:16)
        at TCPConnectWrap.callbackTrampoline (node:internal/async_hooks:130:17) {
      errno: -4078,
      code: 'ECONNREFUSED',
      syscall: 'connect',
      address: '::1',
      port: 5432
    },
    Error: connect ECONNREFUSED 127.0.0.1:5432
        at createConnectionError (node:net:1678:14)
        at afterConnectMultiple (node:net:1708:16)
        at TCPConnectWrap.callbackTrampoline (node:internal/async_hooks:130:17) {
      errno: -4078,
      code: 'ECONNREFUSED',
      syscall: 'connect',
      address: '127.0.0.1',
      port: 5432
    }
  ]
}
 ⨯ AggregateError [ECONNREFUSED]: 
    at D:\VSCode Projects\Ideaflow\latest-main-mew\mew\node_modules\pg-pool\index.js:45:11
    at process.processTicksAndRejections (node:internal/process/task_queues:103:5)
    at async eval (webpack-internal:///(rsc)/../latest-main-mew/mew/node_modules/drizzle-orm/node-postgres/session.js:99:22)
    at async postHandler (webpack-internal:///(rsc)/./src/app/api/cache/canonical/route.ts:71:19)
    at async D:\VSCode Projects\Ideaflow\latest-main-mew\mew\node_modules\next\dist\compiled\next-server\app-route.runtime.dev.js:6:57228
    at async eT.execute (D:\VSCode Projects\Ideaflow\latest-main-mew\mew\node_modules\next\dist\compiled\next-server\app-route.runtime.dev.js:6:46851)
    at async eT.handle (D:\VSCode Projects\Ideaflow\latest-main-mew\mew\node_modules\next\dist\compiled\next-server\app-route.runtime.dev.js:6:58760)
    at async doRender (D:\VSCode Projects\Ideaflow\latest-main-mew\mew\node_modules\next\dist\server\base-server.js:1366:42)
    at async cacheEntry.responseCache.get.routeKind (D:\VSCode Projects\Ideaflow\latest-main-mew\mew\node_modules\next\dist\server\base-server.js:1588:28)
    at async DevServer.renderToResponseWithComponentsImpl (D:\VSCode Projects\Ideaflow\latest-main-mew\mew\node_modules\next\dist\server\base-server.js:1496:28)
    at async DevServer.renderPageComponent (D:\VSCode Projects\Ideaflow\latest-main-mew\mew\node_modules\next\dist\server\base-server.js:1924:24)
    at async DevServer.renderToResponseImpl (D:\VSCode Projects\Ideaflow\latest-main-mew\mew\node_modules\next\dist\server\base-server.js:1962:32)
    at async DevServer.pipeImpl (D:\VSCode Projects\Ideaflow\latest-main-mew\mew\node_modules\next\dist\server\base-server.js:922:25)
    at async NextNodeServer.handleCatchallRenderRequest (D:\VSCode Projects\Ideaflow\latest-main-mew\mew\node_modules\next\dist\server\next-server.js:272:17)
    at async DevServer.handleRequestImpl (D:\VSCode Projects\Ideaflow\latest-main-mew\mew\node_modules\next\dist\server\base-server.js:818:17)
    at async D:\VSCode Projects\Ideaflow\latest-main-mew\mew\node_modules\next\dist\server\dev\next-dev-server.js:339:20
    at async Span.traceAsyncFn (D:\VSCode Projects\Ideaflow\latest-main-mew\mew\node_modules\next\dist\trace\trace.js:154:20)
    at async DevServer.handleRequest (D:\VSCode Projects\Ideaflow\latest-main-mew\mew\node_modules\next\dist\server\dev\next-dev-server.js:336:24)
    at async invokeRender (D:\VSCode Projects\Ideaflow\latest-main-mew\mew\node_modules\next\dist\server\lib\router-server.js:182:21)
    at async handleRequest (D:\VSCode Projects\Ideaflow\latest-main-mew\mew\node_modules\next\dist\server\lib\router-server.js:359:24)
    at async requestHandlerImpl (D:\VSCode Projects\Ideaflow\latest-main-mew\mew\node_modules\next\dist\server\lib\router-server.js:383:13)
    at async Server.requestListener (D:\VSCode Projects\Ideaflow\latest-main-mew\mew\node_modules\next\dist\server\lib\start-server.js:141:13) {
  code: 'ECONNREFUSED',
  [errors]: [
    Error: connect ECONNREFUSED ::1:5432
        at createConnectionError (node:net:1678:14)
        at afterConnectMultiple (node:net:1708:16)
        at TCPConnectWrap.callbackTrampoline (node:internal/async_hooks:130:17) {
      errno: -4078,
      code: 'ECONNREFUSED',
      syscall: 'connect',
      address: '::1',
      port: 5432
    },
    Error: connect ECONNREFUSED 127.0.0.1:5432
        at createConnectionError (node:net:1678:14)
        at afterConnectMultiple (node:net:1708:16)
        at TCPConnectWrap.callbackTrampoline (node:internal/async_hooks:130:17) {
      errno: -4078,
      code: 'ECONNREFUSED',
      syscall: 'connect',
      address: '127.0.0.1',
      port: 5432
    }
  ]
}
 ⨯ AggregateError [ECONNREFUSED]: 
    at D:\VSCode Projects\Ideaflow\latest-main-mew\mew\node_modules\pg-pool\index.js:45:11
    at process.processTicksAndRejections (node:internal/process/task_queues:103:5)
    at async eval (webpack-internal:///(rsc)/../latest-main-mew/mew/node_modules/drizzle-orm/node-postgres/session.js:99:22)
    at async postHandler (webpack-internal:///(rsc)/./src/app/api/cache/canonical/route.ts:71:19)
    at async D:\VSCode Projects\Ideaflow\latest-main-mew\mew\node_modules\next\dist\compiled\next-server\app-route.runtime.dev.js:6:57228
    at async eT.execute (D:\VSCode Projects\Ideaflow\latest-main-mew\mew\node_modules\next\dist\compiled\next-server\app-route.runtime.dev.js:6:46851)
    at async eT.handle (D:\VSCode Projects\Ideaflow\latest-main-mew\mew\node_modules\next\dist\compiled\next-server\app-route.runtime.dev.js:6:58760)
    at async doRender (D:\VSCode Projects\Ideaflow\latest-main-mew\mew\node_modules\next\dist\server\base-server.js:1366:42)
    at async cacheEntry.responseCache.get.routeKind (D:\VSCode Projects\Ideaflow\latest-main-mew\mew\node_modules\next\dist\server\base-server.js:1588:28)
    at async DevServer.renderToResponseWithComponentsImpl (D:\VSCode Projects\Ideaflow\latest-main-mew\mew\node_modules\next\dist\server\base-server.js:1496:28)
    at async DevServer.renderPageComponent (D:\VSCode Projects\Ideaflow\latest-main-mew\mew\node_modules\next\dist\server\base-server.js:1924:24)
    at async DevServer.renderToResponseImpl (D:\VSCode Projects\Ideaflow\latest-main-mew\mew\node_modules\next\dist\server\base-server.js:1962:32)
    at async DevServer.pipeImpl (D:\VSCode Projects\Ideaflow\latest-main-mew\mew\node_modules\next\dist\server\base-server.js:922:25)
    at async NextNodeServer.handleCatchallRenderRequest (D:\VSCode Projects\Ideaflow\latest-main-mew\mew\node_modules\next\dist\server\next-server.js:272:17)
    at async DevServer.handleRequestImpl (D:\VSCode Projects\Ideaflow\latest-main-mew\mew\node_modules\next\dist\server\base-server.js:818:17)
    at async D:\VSCode Projects\Ideaflow\latest-main-mew\mew\node_modules\next\dist\server\dev\next-dev-server.js:339:20
    at async Span.traceAsyncFn (D:\VSCode Projects\Ideaflow\latest-main-mew\mew\node_modules\next\dist\trace\trace.js:154:20)
    at async DevServer.handleRequest (D:\VSCode Projects\Ideaflow\latest-main-mew\mew\node_modules\next\dist\server\dev\next-dev-server.js:336:24)
    at async invokeRender (D:\VSCode Projects\Ideaflow\latest-main-mew\mew\node_modules\next\dist\server\lib\router-server.js:182:21)
    at async handleRequest (D:\VSCode Projects\Ideaflow\latest-main-mew\mew\node_modules\next\dist\server\lib\router-server.js:359:24)
    at async requestHandlerImpl (D:\VSCode Projects\Ideaflow\latest-main-mew\mew\node_modules\next\dist\server\lib\router-server.js:383:13)
    at async Server.requestListener (D:\VSCode Projects\Ideaflow\latest-main-mew\mew\node_modules\next\dist\server\lib\start-server.js:141:13) {
  code: 'ECONNREFUSED',
  [errors]: [
    Error: connect ECONNREFUSED ::1:5432
        at createConnectionError (node:net:1678:14)
        at afterConnectMultiple (node:net:1708:16)
        at TCPConnectWrap.callbackTrampoline (node:internal/async_hooks:130:17) {
      errno: -4078,
      code: 'ECONNREFUSED',
      syscall: 'connect',
      address: '::1',
      port: 5432
    },
    Error: connect ECONNREFUSED 127.0.0.1:5432
        at createConnectionError (node:net:1678:14)
        at afterConnectMultiple (node:net:1708:16)
        at TCPConnectWrap.callbackTrampoline (node:internal/async_hooks:130:17) {
      errno: -4078,
      code: 'ECONNREFUSED',
      syscall: 'connect',
      address: '127.0.0.1',
      port: 5432
    }
  ]
}
 ⚠ Fast Refresh had to perform a full reload. Read more: https://nextjs.org/docs/messages/fast-refresh-reload
 ⚠ Fast Refresh had to perform a full reload. Read more: https://nextjs.org/docs/messages/fast-refresh-reload
 ⚠ Fast Refresh had to perform a full reload. Read more: https://nextjs.org/docs/messages/fast-refresh-reload
 ⨯ AggregateError [ECONNREFUSED]: 
    at D:\VSCode Projects\Ideaflow\latest-main-mew\mew\node_modules\pg-pool\index.js:45:11
    at process.processTicksAndRejections (node:internal/process/task_queues:103:5)
    at async eval (webpack-internal:///(rsc)/../latest-main-mew/mew/node_modules/drizzle-orm/node-postgres/session.js:99:22)
    at async postHandler (webpack-internal:///(rsc)/./src/app/api/cache/canonical/route.ts:71:19)
    at async D:\VSCode Projects\Ideaflow\latest-main-mew\mew\node_modules\next\dist\compiled\next-server\app-route.runtime.dev.js:6:57228
    at async eT.execute (D:\VSCode Projects\Ideaflow\latest-main-mew\mew\node_modules\next\dist\compiled\next-server\app-route.runtime.dev.js:6:46851)
    at async eT.handle (D:\VSCode Projects\Ideaflow\latest-main-mew\mew\node_modules\next\dist\compiled\next-server\app-route.runtime.dev.js:6:58760)
    at async doRender (D:\VSCode Projects\Ideaflow\latest-main-mew\mew\node_modules\next\dist\server\base-server.js:1366:42)
    at async cacheEntry.responseCache.get.routeKind (D:\VSCode Projects\Ideaflow\latest-main-mew\mew\node_modules\next\dist\server\base-server.js:1588:28)
    at async DevServer.renderToResponseWithComponentsImpl (D:\VSCode Projects\Ideaflow\latest-main-mew\mew\node_modules\next\dist\server\base-server.js:1496:28)
    at async DevServer.renderPageComponent (D:\VSCode Projects\Ideaflow\latest-main-mew\mew\node_modules\next\dist\server\base-server.js:1924:24)
    at async DevServer.renderToResponseImpl (D:\VSCode Projects\Ideaflow\latest-main-mew\mew\node_modules\next\dist\server\base-server.js:1962:32)
    at async DevServer.pipeImpl (D:\VSCode Projects\Ideaflow\latest-main-mew\mew\node_modules\next\dist\server\base-server.js:922:25)
    at async NextNodeServer.handleCatchallRenderRequest (D:\VSCode Projects\Ideaflow\latest-main-mew\mew\node_modules\next\dist\server\next-server.js:272:17)
    at async DevServer.handleRequestImpl (D:\VSCode Projects\Ideaflow\latest-main-mew\mew\node_modules\next\dist\server\base-server.js:818:17)
    at async D:\VSCode Projects\Ideaflow\latest-main-mew\mew\node_modules\next\dist\server\dev\next-dev-server.js:339:20
    at async Span.traceAsyncFn (D:\VSCode Projects\Ideaflow\latest-main-mew\mew\node_modules\next\dist\trace\trace.js:154:20)
    at async DevServer.handleRequest (D:\VSCode Projects\Ideaflow\latest-main-mew\mew\node_modules\next\dist\server\dev\next-dev-server.js:336:24)
    at async invokeRender (D:\VSCode Projects\Ideaflow\latest-main-mew\mew\node_modules\next\dist\server\lib\router-server.js:182:21)
    at async handleRequest (D:\VSCode Projects\Ideaflow\latest-main-mew\mew\node_modules\next\dist\server\lib\router-server.js:359:24)
    at async requestHandlerImpl (D:\VSCode Projects\Ideaflow\latest-main-mew\mew\node_modules\next\dist\server\lib\router-server.js:383:13)
    at async Server.requestListener (D:\VSCode Projects\Ideaflow\latest-main-mew\mew\node_modules\next\dist\server\lib\start-server.js:141:13) {
  code: 'ECONNREFUSED',
  [errors]: [
    Error: connect ECONNREFUSED ::1:5432
        at createConnectionError (node:net:1678:14)
        at afterConnectMultiple (node:net:1708:16)
        at TCPConnectWrap.callbackTrampoline (node:internal/async_hooks:130:17) {
      errno: -4078,
      code: 'ECONNREFUSED',
      syscall: 'connect',
      address: '::1',
      port: 5432
    },
    Error: connect ECONNREFUSED 127.0.0.1:5432
        at createConnectionError (node:net:1678:14)
        at afterConnectMultiple (node:net:1708:16)
        at TCPConnectWrap.callbackTrampoline (node:internal/async_hooks:130:17) {
      errno: -4078,
      code: 'ECONNREFUSED',
      syscall: 'connect',
      address: '127.0.0.1',
      port: 5432
    }
  ]
}
 ⨯ AggregateError [ECONNREFUSED]: 
    at D:\VSCode Projects\Ideaflow\latest-main-mew\mew\node_modules\pg-pool\index.js:45:11
    at process.processTicksAndRejections (node:internal/process/task_queues:103:5)
    at async eval (webpack-internal:///(rsc)/../latest-main-mew/mew/node_modules/drizzle-orm/node-postgres/session.js:99:22)
    at async postHandler (webpack-internal:///(rsc)/./src/app/api/cache/canonical/route.ts:71:19)
    at async D:\VSCode Projects\Ideaflow\latest-main-mew\mew\node_modules\next\dist\compiled\next-server\app-route.runtime.dev.js:6:57228
    at async eT.execute (D:\VSCode Projects\Ideaflow\latest-main-mew\mew\node_modules\next\dist\compiled\next-server\app-route.runtime.dev.js:6:46851)
    at async eT.handle (D:\VSCode Projects\Ideaflow\latest-main-mew\mew\node_modules\next\dist\compiled\next-server\app-route.runtime.dev.js:6:58760)
    at async doRender (D:\VSCode Projects\Ideaflow\latest-main-mew\mew\node_modules\next\dist\server\base-server.js:1366:42)
    at async cacheEntry.responseCache.get.routeKind (D:\VSCode Projects\Ideaflow\latest-main-mew\mew\node_modules\next\dist\server\base-server.js:1588:28)
    at async DevServer.renderToResponseWithComponentsImpl (D:\VSCode Projects\Ideaflow\latest-main-mew\mew\node_modules\next\dist\server\base-server.js:1496:28)
    at async DevServer.renderPageComponent (D:\VSCode Projects\Ideaflow\latest-main-mew\mew\node_modules\next\dist\server\base-server.js:1924:24)
    at async DevServer.renderToResponseImpl (D:\VSCode Projects\Ideaflow\latest-main-mew\mew\node_modules\next\dist\server\base-server.js:1962:32)
    at async DevServer.pipeImpl (D:\VSCode Projects\Ideaflow\latest-main-mew\mew\node_modules\next\dist\server\base-server.js:922:25)
    at async NextNodeServer.handleCatchallRenderRequest (D:\VSCode Projects\Ideaflow\latest-main-mew\mew\node_modules\next\dist\server\next-server.js:272:17)
    at async DevServer.handleRequestImpl (D:\VSCode Projects\Ideaflow\latest-main-mew\mew\node_modules\next\dist\server\base-server.js:818:17)
    at async D:\VSCode Projects\Ideaflow\latest-main-mew\mew\node_modules\next\dist\server\dev\next-dev-server.js:339:20
    at async Span.traceAsyncFn (D:\VSCode Projects\Ideaflow\latest-main-mew\mew\node_modules\next\dist\trace\trace.js:154:20)
    at async DevServer.handleRequest (D:\VSCode Projects\Ideaflow\latest-main-mew\mew\node_modules\next\dist\server\dev\next-dev-server.js:336:24)
    at async invokeRender (D:\VSCode Projects\Ideaflow\latest-main-mew\mew\node_modules\next\dist\server\lib\router-server.js:182:21)
    at async handleRequest (D:\VSCode Projects\Ideaflow\latest-main-mew\mew\node_modules\next\dist\server\lib\router-server.js:359:24)
    at async requestHandlerImpl (D:\VSCode Projects\Ideaflow\latest-main-mew\mew\node_modules\next\dist\server\lib\router-server.js:383:13)
    at async Server.requestListener (D:\VSCode Projects\Ideaflow\latest-main-mew\mew\node_modules\next\dist\server\lib\start-server.js:141:13) {
  code: 'ECONNREFUSED',
  [errors]: [
    Error: connect ECONNREFUSED ::1:5432
        at createConnectionError (node:net:1678:14)
        at afterConnectMultiple (node:net:1708:16)
        at TCPConnectWrap.callbackTrampoline (node:internal/async_hooks:130:17) {
      errno: -4078,
      code: 'ECONNREFUSED',
      syscall: 'connect',
      address: '::1',
      port: 5432
    },
    Error: connect ECONNREFUSED 127.0.0.1:5432
        at createConnectionError (node:net:1678:14)
        at afterConnectMultiple (node:net:1708:16)
        at TCPConnectWrap.callbackTrampoline (node:internal/async_hooks:130:17) {
      errno: -4078,
      code: 'ECONNREFUSED',
      syscall: 'connect',
      address: '127.0.0.1',
      port: 5432
    }
  ]
}
 ⨯ AggregateError [ECONNREFUSED]: 
    at D:\VSCode Projects\Ideaflow\latest-main-mew\mew\node_modules\pg-pool\index.js:45:11
    at process.processTicksAndRejections (node:internal/process/task_queues:103:5)
    at async eval (webpack-internal:///(rsc)/../latest-main-mew/mew/node_modules/drizzle-orm/node-postgres/session.js:99:22)
    at async postHandler (webpack-internal:///(rsc)/./src/app/api/cache/canonical/route.ts:71:19)
    at async D:\VSCode Projects\Ideaflow\latest-main-mew\mew\node_modules\next\dist\compiled\next-server\app-route.runtime.dev.js:6:57228
    at async eT.execute (D:\VSCode Projects\Ideaflow\latest-main-mew\mew\node_modules\next\dist\compiled\next-server\app-route.runtime.dev.js:6:46851)
    at async eT.handle (D:\VSCode Projects\Ideaflow\latest-main-mew\mew\node_modules\next\dist\compiled\next-server\app-route.runtime.dev.js:6:58760)
    at async doRender (D:\VSCode Projects\Ideaflow\latest-main-mew\mew\node_modules\next\dist\server\base-server.js:1366:42)
    at async cacheEntry.responseCache.get.routeKind (D:\VSCode Projects\Ideaflow\latest-main-mew\mew\node_modules\next\dist\server\base-server.js:1588:28)
    at async DevServer.renderToResponseWithComponentsImpl (D:\VSCode Projects\Ideaflow\latest-main-mew\mew\node_modules\next\dist\server\base-server.js:1496:28)
    at async DevServer.renderPageComponent (D:\VSCode Projects\Ideaflow\latest-main-mew\mew\node_modules\next\dist\server\base-server.js:1924:24)
    at async DevServer.renderToResponseImpl (D:\VSCode Projects\Ideaflow\latest-main-mew\mew\node_modules\next\dist\server\base-server.js:1962:32)
    at async DevServer.pipeImpl (D:\VSCode Projects\Ideaflow\latest-main-mew\mew\node_modules\next\dist\server\base-server.js:922:25)
    at async NextNodeServer.handleCatchallRenderRequest (D:\VSCode Projects\Ideaflow\latest-main-mew\mew\node_modules\next\dist\server\next-server.js:272:17)
    at async DevServer.handleRequestImpl (D:\VSCode Projects\Ideaflow\latest-main-mew\mew\node_modules\next\dist\server\base-server.js:818:17)
    at async D:\VSCode Projects\Ideaflow\latest-main-mew\mew\node_modules\next\dist\server\dev\next-dev-server.js:339:20
    at async Span.traceAsyncFn (D:\VSCode Projects\Ideaflow\latest-main-mew\mew\node_modules\next\dist\trace\trace.js:154:20)
    at async DevServer.handleRequest (D:\VSCode Projects\Ideaflow\latest-main-mew\mew\node_modules\next\dist\server\dev\next-dev-server.js:336:24)
    at async invokeRender (D:\VSCode Projects\Ideaflow\latest-main-mew\mew\node_modules\next\dist\server\lib\router-server.js:182:21)
    at async handleRequest (D:\VSCode Projects\Ideaflow\latest-main-mew\mew\node_modules\next\dist\server\lib\router-server.js:359:24)
    at async requestHandlerImpl (D:\VSCode Projects\Ideaflow\latest-main-mew\mew\node_modules\next\dist\server\lib\router-server.js:383:13)
    at async Server.requestListener (D:\VSCode Projects\Ideaflow\latest-main-mew\mew\node_modules\next\dist\server\lib\start-server.js:141:13) {
  code: 'ECONNREFUSED',
  [errors]: [
    Error: connect ECONNREFUSED ::1:5432
        at createConnectionError (node:net:1678:14)
        at afterConnectMultiple (node:net:1708:16)
        at TCPConnectWrap.callbackTrampoline (node:internal/async_hooks:130:17) {
      errno: -4078,
      code: 'ECONNREFUSED',
      syscall: 'connect',
      address: '::1',
      port: 5432
    },
    Error: connect ECONNREFUSED 127.0.0.1:5432
        at createConnectionError (node:net:1678:14)
        at afterConnectMultiple (node:net:1708:16)
        at TCPConnectWrap.callbackTrampoline (node:internal/async_hooks:130:17) {
      errno: -4078,
      code: 'ECONNREFUSED',
      syscall: 'connect',
      address: '127.0.0.1',
      port: 5432
    }
  ]
}
 ⨯ AggregateError [ECONNREFUSED]: 
    at D:\VSCode Projects\Ideaflow\latest-main-mew\mew\node_modules\pg-pool\index.js:45:11
    at process.processTicksAndRejections (node:internal/process/task_queues:103:5)
    at async eval (webpack-internal:///(rsc)/../latest-main-mew/mew/node_modules/drizzle-orm/node-postgres/session.js:99:22)
    at async postHandler (webpack-internal:///(rsc)/./src/app/api/cache/canonical/route.ts:71:19)
    at async D:\VSCode Projects\Ideaflow\latest-main-mew\mew\node_modules\next\dist\compiled\next-server\app-route.runtime.dev.js:6:57228
    at async eT.execute (D:\VSCode Projects\Ideaflow\latest-main-mew\mew\node_modules\next\dist\compiled\next-server\app-route.runtime.dev.js:6:46851)
    at async eT.handle (D:\VSCode Projects\Ideaflow\latest-main-mew\mew\node_modules\next\dist\compiled\next-server\app-route.runtime.dev.js:6:58760)
    at async doRender (D:\VSCode Projects\Ideaflow\latest-main-mew\mew\node_modules\next\dist\server\base-server.js:1366:42)
    at async cacheEntry.responseCache.get.routeKind (D:\VSCode Projects\Ideaflow\latest-main-mew\mew\node_modules\next\dist\server\base-server.js:1588:28)
    at async DevServer.renderToResponseWithComponentsImpl (D:\VSCode Projects\Ideaflow\latest-main-mew\mew\node_modules\next\dist\server\base-server.js:1496:28)
    at async DevServer.renderPageComponent (D:\VSCode Projects\Ideaflow\latest-main-mew\mew\node_modules\next\dist\server\base-server.js:1924:24)
    at async DevServer.renderToResponseImpl (D:\VSCode Projects\Ideaflow\latest-main-mew\mew\node_modules\next\dist\server\base-server.js:1962:32)
    at async DevServer.pipeImpl (D:\VSCode Projects\Ideaflow\latest-main-mew\mew\node_modules\next\dist\server\base-server.js:922:25)
    at async NextNodeServer.handleCatchallRenderRequest (D:\VSCode Projects\Ideaflow\latest-main-mew\mew\node_modules\next\dist\server\next-server.js:272:17)
    at async DevServer.handleRequestImpl (D:\VSCode Projects\Ideaflow\latest-main-mew\mew\node_modules\next\dist\server\base-server.js:818:17)
    at async D:\VSCode Projects\Ideaflow\latest-main-mew\mew\node_modules\next\dist\server\dev\next-dev-server.js:339:20
    at async Span.traceAsyncFn (D:\VSCode Projects\Ideaflow\latest-main-mew\mew\node_modules\next\dist\trace\trace.js:154:20)
    at async DevServer.handleRequest (D:\VSCode Projects\Ideaflow\latest-main-mew\mew\node_modules\next\dist\server\dev\next-dev-server.js:336:24)
    at async invokeRender (D:\VSCode Projects\Ideaflow\latest-main-mew\mew\node_modules\next\dist\server\lib\router-server.js:182:21)
    at async handleRequest (D:\VSCode Projects\Ideaflow\latest-main-mew\mew\node_modules\next\dist\server\lib\router-server.js:359:24)
    at async requestHandlerImpl (D:\VSCode Projects\Ideaflow\latest-main-mew\mew\node_modules\next\dist\server\lib\router-server.js:383:13)
    at async Server.requestListener (D:\VSCode Projects\Ideaflow\latest-main-mew\mew\node_modules\next\dist\server\lib\start-server.js:141:13) {
  code: 'ECONNREFUSED',
  [errors]: [
    Error: connect ECONNREFUSED ::1:5432
        at createConnectionError (node:net:1678:14)
        at afterConnectMultiple (node:net:1708:16)
        at TCPConnectWrap.callbackTrampoline (node:internal/async_hooks:130:17) {
      errno: -4078,
      code: 'ECONNREFUSED',
      syscall: 'connect',
      address: '::1',
      port: 5432
    },
    Error: connect ECONNREFUSED 127.0.0.1:5432
        at createConnectionError (node:net:1678:14)
        at afterConnectMultiple (node:net:1708:16)
        at TCPConnectWrap.callbackTrampoline (node:internal/async_hooks:130:17) {
      errno: -4078,
      code: 'ECONNREFUSED',
      syscall: 'connect',
      address: '127.0.0.1',
      port: 5432
    }
  ]
}
 ⨯ AggregateError [ECONNREFUSED]: 
    at D:\VSCode Projects\Ideaflow\latest-main-mew\mew\node_modules\pg-pool\index.js:45:11
    at process.processTicksAndRejections (node:internal/process/task_queues:103:5)
    at async eval (webpack-internal:///(rsc)/../latest-main-mew/mew/node_modules/drizzle-orm/node-postgres/session.js:99:22)
    at async postHandler (webpack-internal:///(rsc)/./src/app/api/cache/canonical/route.ts:71:19)
    at async D:\VSCode Projects\Ideaflow\latest-main-mew\mew\node_modules\next\dist\compiled\next-server\app-route.runtime.dev.js:6:57228
    at async eT.execute (D:\VSCode Projects\Ideaflow\latest-main-mew\mew\node_modules\next\dist\compiled\next-server\app-route.runtime.dev.js:6:46851)
    at async eT.handle (D:\VSCode Projects\Ideaflow\latest-main-mew\mew\node_modules\next\dist\compiled\next-server\app-route.runtime.dev.js:6:58760)
    at async doRender (D:\VSCode Projects\Ideaflow\latest-main-mew\mew\node_modules\next\dist\server\base-server.js:1366:42)
    at async cacheEntry.responseCache.get.routeKind (D:\VSCode Projects\Ideaflow\latest-main-mew\mew\node_modules\next\dist\server\base-server.js:1588:28)
    at async DevServer.renderToResponseWithComponentsImpl (D:\VSCode Projects\Ideaflow\latest-main-mew\mew\node_modules\next\dist\server\base-server.js:1496:28)
    at async DevServer.renderPageComponent (D:\VSCode Projects\Ideaflow\latest-main-mew\mew\node_modules\next\dist\server\base-server.js:1924:24)
    at async DevServer.renderToResponseImpl (D:\VSCode Projects\Ideaflow\latest-main-mew\mew\node_modules\next\dist\server\base-server.js:1962:32)
    at async DevServer.pipeImpl (D:\VSCode Projects\Ideaflow\latest-main-mew\mew\node_modules\next\dist\server\base-server.js:922:25)
    at async NextNodeServer.handleCatchallRenderRequest (D:\VSCode Projects\Ideaflow\latest-main-mew\mew\node_modules\next\dist\server\next-server.js:272:17)
    at async DevServer.handleRequestImpl (D:\VSCode Projects\Ideaflow\latest-main-mew\mew\node_modules\next\dist\server\base-server.js:818:17)
    at async D:\VSCode Projects\Ideaflow\latest-main-mew\mew\node_modules\next\dist\server\dev\next-dev-server.js:339:20
    at async Span.traceAsyncFn (D:\VSCode Projects\Ideaflow\latest-main-mew\mew\node_modules\next\dist\trace\trace.js:154:20)
    at async DevServer.handleRequest (D:\VSCode Projects\Ideaflow\latest-main-mew\mew\node_modules\next\dist\server\dev\next-dev-server.js:336:24)
    at async invokeRender (D:\VSCode Projects\Ideaflow\latest-main-mew\mew\node_modules\next\dist\server\lib\router-server.js:182:21)
    at async handleRequest (D:\VSCode Projects\Ideaflow\latest-main-mew\mew\node_modules\next\dist\server\lib\router-server.js:359:24)
    at async requestHandlerImpl (D:\VSCode Projects\Ideaflow\latest-main-mew\mew\node_modules\next\dist\server\lib\router-server.js:383:13)
    at async Server.requestListener (D:\VSCode Projects\Ideaflow\latest-main-mew\mew\node_modules\next\dist\server\lib\start-server.js:141:13) {
  code: 'ECONNREFUSED',
  [errors]: [
    Error: connect ECONNREFUSED ::1:5432
        at createConnectionError (node:net:1678:14)
        at afterConnectMultiple (node:net:1708:16)
        at TCPConnectWrap.callbackTrampoline (node:internal/async_hooks:130:17) {
      errno: -4078,
      code: 'ECONNREFUSED',
      syscall: 'connect',
      address: '::1',
      port: 5432
    },
    Error: connect ECONNREFUSED 127.0.0.1:5432
        at createConnectionError (node:net:1678:14)
        at afterConnectMultiple (node:net:1708:16)
        at TCPConnectWrap.callbackTrampoline (node:internal/async_hooks:130:17) {
      errno: -4078,
      code: 'ECONNREFUSED',
      syscall: 'connect',
      address: '127.0.0.1',
      port: 5432
    }
  ]
}
 ⨯ AggregateError [ECONNREFUSED]: 
    at D:\VSCode Projects\Ideaflow\latest-main-mew\mew\node_modules\pg-pool\index.js:45:11
    at process.processTicksAndRejections (node:internal/process/task_queues:103:5)
    at async eval (webpack-internal:///(rsc)/../latest-main-mew/mew/node_modules/drizzle-orm/node-postgres/session.js:99:22)
    at async postHandler (webpack-internal:///(rsc)/./src/app/api/cache/canonical/route.ts:71:19)
    at async D:\VSCode Projects\Ideaflow\latest-main-mew\mew\node_modules\next\dist\compiled\next-server\app-route.runtime.dev.js:6:57228
    at async eT.execute (D:\VSCode Projects\Ideaflow\latest-main-mew\mew\node_modules\next\dist\compiled\next-server\app-route.runtime.dev.js:6:46851)
    at async eT.handle (D:\VSCode Projects\Ideaflow\latest-main-mew\mew\node_modules\next\dist\compiled\next-server\app-route.runtime.dev.js:6:58760)
    at async doRender (D:\VSCode Projects\Ideaflow\latest-main-mew\mew\node_modules\next\dist\server\base-server.js:1366:42)
    at async cacheEntry.responseCache.get.routeKind (D:\VSCode Projects\Ideaflow\latest-main-mew\mew\node_modules\next\dist\server\base-server.js:1588:28)
    at async DevServer.renderToResponseWithComponentsImpl (D:\VSCode Projects\Ideaflow\latest-main-mew\mew\node_modules\next\dist\server\base-server.js:1496:28)
    at async DevServer.renderPageComponent (D:\VSCode Projects\Ideaflow\latest-main-mew\mew\node_modules\next\dist\server\base-server.js:1924:24)
    at async DevServer.renderToResponseImpl (D:\VSCode Projects\Ideaflow\latest-main-mew\mew\node_modules\next\dist\server\base-server.js:1962:32)
    at async DevServer.pipeImpl (D:\VSCode Projects\Ideaflow\latest-main-mew\mew\node_modules\next\dist\server\base-server.js:922:25)
    at async NextNodeServer.handleCatchallRenderRequest (D:\VSCode Projects\Ideaflow\latest-main-mew\mew\node_modules\next\dist\server\next-server.js:272:17)
    at async DevServer.handleRequestImpl (D:\VSCode Projects\Ideaflow\latest-main-mew\mew\node_modules\next\dist\server\base-server.js:818:17)
    at async D:\VSCode Projects\Ideaflow\latest-main-mew\mew\node_modules\next\dist\server\dev\next-dev-server.js:339:20
    at async Span.traceAsyncFn (D:\VSCode Projects\Ideaflow\latest-main-mew\mew\node_modules\next\dist\trace\trace.js:154:20)
    at async DevServer.handleRequest (D:\VSCode Projects\Ideaflow\latest-main-mew\mew\node_modules\next\dist\server\dev\next-dev-server.js:336:24)
    at async invokeRender (D:\VSCode Projects\Ideaflow\latest-main-mew\mew\node_modules\next\dist\server\lib\router-server.js:182:21)
    at async handleRequest (D:\VSCode Projects\Ideaflow\latest-main-mew\mew\node_modules\next\dist\server\lib\router-server.js:359:24)
    at async requestHandlerImpl (D:\VSCode Projects\Ideaflow\latest-main-mew\mew\node_modules\next\dist\server\lib\router-server.js:383:13)
    at async Server.requestListener (D:\VSCode Projects\Ideaflow\latest-main-mew\mew\node_modules\next\dist\server\lib\start-server.js:141:13) {
  code: 'ECONNREFUSED',
  [errors]: [
    Error: connect ECONNREFUSED ::1:5432
        at createConnectionError (node:net:1678:14)
        at afterConnectMultiple (node:net:1708:16)
        at TCPConnectWrap.callbackTrampoline (node:internal/async_hooks:130:17) {
      errno: -4078,
      code: 'ECONNREFUSED',
      syscall: 'connect',
      address: '::1',
      port: 5432
    },
    Error: connect ECONNREFUSED 127.0.0.1:5432
        at createConnectionError (node:net:1678:14)
        at afterConnectMultiple (node:net:1708:16)
        at TCPConnectWrap.callbackTrampoline (node:internal/async_hooks:130:17) {
      errno: -4078,
      code: 'ECONNREFUSED',
      syscall: 'connect',
      address: '127.0.0.1',
      port: 5432
    }
  ]
}
 ⨯ AggregateError [ECONNREFUSED]: 
    at D:\VSCode Projects\Ideaflow\latest-main-mew\mew\node_modules\pg-pool\index.js:45:11
    at process.processTicksAndRejections (node:internal/process/task_queues:103:5)
    at async eval (webpack-internal:///(rsc)/../latest-main-mew/mew/node_modules/drizzle-orm/node-postgres/session.js:99:22)
    at async postHandler (webpack-internal:///(rsc)/./src/app/api/cache/canonical/route.ts:71:19)
    at async D:\VSCode Projects\Ideaflow\latest-main-mew\mew\node_modules\next\dist\compiled\next-server\app-route.runtime.dev.js:6:57228
    at async eT.execute (D:\VSCode Projects\Ideaflow\latest-main-mew\mew\node_modules\next\dist\compiled\next-server\app-route.runtime.dev.js:6:46851)
    at async eT.handle (D:\VSCode Projects\Ideaflow\latest-main-mew\mew\node_modules\next\dist\compiled\next-server\app-route.runtime.dev.js:6:58760)
    at async doRender (D:\VSCode Projects\Ideaflow\latest-main-mew\mew\node_modules\next\dist\server\base-server.js:1366:42)
    at async cacheEntry.responseCache.get.routeKind (D:\VSCode Projects\Ideaflow\latest-main-mew\mew\node_modules\next\dist\server\base-server.js:1588:28)
    at async DevServer.renderToResponseWithComponentsImpl (D:\VSCode Projects\Ideaflow\latest-main-mew\mew\node_modules\next\dist\server\base-server.js:1496:28)
    at async DevServer.renderPageComponent (D:\VSCode Projects\Ideaflow\latest-main-mew\mew\node_modules\next\dist\server\base-server.js:1924:24)
    at async DevServer.renderToResponseImpl (D:\VSCode Projects\Ideaflow\latest-main-mew\mew\node_modules\next\dist\server\base-server.js:1962:32)
    at async DevServer.pipeImpl (D:\VSCode Projects\Ideaflow\latest-main-mew\mew\node_modules\next\dist\server\base-server.js:922:25)
    at async NextNodeServer.handleCatchallRenderRequest (D:\VSCode Projects\Ideaflow\latest-main-mew\mew\node_modules\next\dist\server\next-server.js:272:17)
    at async DevServer.handleRequestImpl (D:\VSCode Projects\Ideaflow\latest-main-mew\mew\node_modules\next\dist\server\base-server.js:818:17)
    at async D:\VSCode Projects\Ideaflow\latest-main-mew\mew\node_modules\next\dist\server\dev\next-dev-server.js:339:20
    at async Span.traceAsyncFn (D:\VSCode Projects\Ideaflow\latest-main-mew\mew\node_modules\next\dist\trace\trace.js:154:20)
    at async DevServer.handleRequest (D:\VSCode Projects\Ideaflow\latest-main-mew\mew\node_modules\next\dist\server\dev\next-dev-server.js:336:24)
    at async invokeRender (D:\VSCode Projects\Ideaflow\latest-main-mew\mew\node_modules\next\dist\server\lib\router-server.js:182:21)
    at async handleRequest (D:\VSCode Projects\Ideaflow\latest-main-mew\mew\node_modules\next\dist\server\lib\router-server.js:359:24)
    at async requestHandlerImpl (D:\VSCode Projects\Ideaflow\latest-main-mew\mew\node_modules\next\dist\server\lib\router-server.js:383:13)
    at async Server.requestListener (D:\VSCode Projects\Ideaflow\latest-main-mew\mew\node_modules\next\dist\server\lib\start-server.js:141:13) {
  code: 'ECONNREFUSED',
  [errors]: [
    Error: connect ECONNREFUSED ::1:5432
        at createConnectionError (node:net:1678:14)
        at afterConnectMultiple (node:net:1708:16)
        at TCPConnectWrap.callbackTrampoline (node:internal/async_hooks:130:17) {
      errno: -4078,
      code: 'ECONNREFUSED',
      syscall: 'connect',
      address: '::1',
      port: 5432
    },
    Error: connect ECONNREFUSED 127.0.0.1:5432
        at createConnectionError (node:net:1678:14)
        at afterConnectMultiple (node:net:1708:16)
        at TCPConnectWrap.callbackTrampoline (node:internal/async_hooks:130:17) {
      errno: -4078,
      code: 'ECONNREFUSED',
      syscall: 'connect',
      address: '127.0.0.1',
      port: 5432
    }
  ]
}
 ⨯ AggregateError [ECONNREFUSED]: 
    at D:\VSCode Projects\Ideaflow\latest-main-mew\mew\node_modules\pg-pool\index.js:45:11
    at process.processTicksAndRejections (node:internal/process/task_queues:103:5)
    at async eval (webpack-internal:///(rsc)/../latest-main-mew/mew/node_modules/drizzle-orm/node-postgres/session.js:99:22)
    at async postHandler (webpack-internal:///(rsc)/./src/app/api/cache/canonical/route.ts:71:19)
    at async D:\VSCode Projects\Ideaflow\latest-main-mew\mew\node_modules\next\dist\compiled\next-server\app-route.runtime.dev.js:6:57228
    at async eT.execute (D:\VSCode Projects\Ideaflow\latest-main-mew\mew\node_modules\next\dist\compiled\next-server\app-route.runtime.dev.js:6:46851)
    at async eT.handle (D:\VSCode Projects\Ideaflow\latest-main-mew\mew\node_modules\next\dist\compiled\next-server\app-route.runtime.dev.js:6:58760)
    at async doRender (D:\VSCode Projects\Ideaflow\latest-main-mew\mew\node_modules\next\dist\server\base-server.js:1366:42)
    at async cacheEntry.responseCache.get.routeKind (D:\VSCode Projects\Ideaflow\latest-main-mew\mew\node_modules\next\dist\server\base-server.js:1588:28)
    at async DevServer.renderToResponseWithComponentsImpl (D:\VSCode Projects\Ideaflow\latest-main-mew\mew\node_modules\next\dist\server\base-server.js:1496:28)
    at async DevServer.renderPageComponent (D:\VSCode Projects\Ideaflow\latest-main-mew\mew\node_modules\next\dist\server\base-server.js:1924:24)
    at async DevServer.renderToResponseImpl (D:\VSCode Projects\Ideaflow\latest-main-mew\mew\node_modules\next\dist\server\base-server.js:1962:32)
    at async DevServer.pipeImpl (D:\VSCode Projects\Ideaflow\latest-main-mew\mew\node_modules\next\dist\server\base-server.js:922:25)
    at async NextNodeServer.handleCatchallRenderRequest (D:\VSCode Projects\Ideaflow\latest-main-mew\mew\node_modules\next\dist\server\next-server.js:272:17)
    at async DevServer.handleRequestImpl (D:\VSCode Projects\Ideaflow\latest-main-mew\mew\node_modules\next\dist\server\base-server.js:818:17)
    at async D:\VSCode Projects\Ideaflow\latest-main-mew\mew\node_modules\next\dist\server\dev\next-dev-server.js:339:20
    at async Span.traceAsyncFn (D:\VSCode Projects\Ideaflow\latest-main-mew\mew\node_modules\next\dist\trace\trace.js:154:20)
    at async DevServer.handleRequest (D:\VSCode Projects\Ideaflow\latest-main-mew\mew\node_modules\next\dist\server\dev\next-dev-server.js:336:24)
    at async invokeRender (D:\VSCode Projects\Ideaflow\latest-main-mew\mew\node_modules\next\dist\server\lib\router-server.js:182:21)
    at async handleRequest (D:\VSCode Projects\Ideaflow\latest-main-mew\mew\node_modules\next\dist\server\lib\router-server.js:359:24)
    at async requestHandlerImpl (D:\VSCode Projects\Ideaflow\latest-main-mew\mew\node_modules\next\dist\server\lib\router-server.js:383:13)
    at async Server.requestListener (D:\VSCode Projects\Ideaflow\latest-main-mew\mew\node_modules\next\dist\server\lib\start-server.js:141:13) {
  code: 'ECONNREFUSED',
  [errors]: [
    Error: connect ECONNREFUSED ::1:5432
        at createConnectionError (node:net:1678:14)
        at afterConnectMultiple (node:net:1708:16)
        at TCPConnectWrap.callbackTrampoline (node:internal/async_hooks:130:17) {
      errno: -4078,
      code: 'ECONNREFUSED',
      syscall: 'connect',
      address: '::1',
      port: 5432
    },
    Error: connect ECONNREFUSED 127.0.0.1:5432
        at createConnectionError (node:net:1678:14)
        at afterConnectMultiple (node:net:1708:16)
        at TCPConnectWrap.callbackTrampoline (node:internal/async_hooks:130:17) {
      errno: -4078,
      code: 'ECONNREFUSED',
      syscall: 'connect',
      address: '127.0.0.1',
      port: 5432
    }
  ]
}
 ⨯ AggregateError [ECONNREFUSED]: 
    at D:\VSCode Projects\Ideaflow\latest-main-mew\mew\node_modules\pg-pool\index.js:45:11
    at process.processTicksAndRejections (node:internal/process/task_queues:103:5)
    at async eval (webpack-internal:///(rsc)/../latest-main-mew/mew/node_modules/drizzle-orm/node-postgres/session.js:99:22)
    at async postHandler (webpack-internal:///(rsc)/./src/app/api/cache/canonical/route.ts:71:19)
    at async D:\VSCode Projects\Ideaflow\latest-main-mew\mew\node_modules\next\dist\compiled\next-server\app-route.runtime.dev.js:6:57228
    at async eT.execute (D:\VSCode Projects\Ideaflow\latest-main-mew\mew\node_modules\next\dist\compiled\next-server\app-route.runtime.dev.js:6:46851)
    at async eT.handle (D:\VSCode Projects\Ideaflow\latest-main-mew\mew\node_modules\next\dist\compiled\next-server\app-route.runtime.dev.js:6:58760)
    at async doRender (D:\VSCode Projects\Ideaflow\latest-main-mew\mew\node_modules\next\dist\server\base-server.js:1366:42)
    at async cacheEntry.responseCache.get.routeKind (D:\VSCode Projects\Ideaflow\latest-main-mew\mew\node_modules\next\dist\server\base-server.js:1588:28)
    at async DevServer.renderToResponseWithComponentsImpl (D:\VSCode Projects\Ideaflow\latest-main-mew\mew\node_modules\next\dist\server\base-server.js:1496:28)
    at async DevServer.renderPageComponent (D:\VSCode Projects\Ideaflow\latest-main-mew\mew\node_modules\next\dist\server\base-server.js:1924:24)
    at async DevServer.renderToResponseImpl (D:\VSCode Projects\Ideaflow\latest-main-mew\mew\node_modules\next\dist\server\base-server.js:1962:32)
    at async DevServer.pipeImpl (D:\VSCode Projects\Ideaflow\latest-main-mew\mew\node_modules\next\dist\server\base-server.js:922:25)
    at async NextNodeServer.handleCatchallRenderRequest (D:\VSCode Projects\Ideaflow\latest-main-mew\mew\node_modules\next\dist\server\next-server.js:272:17)
    at async DevServer.handleRequestImpl (D:\VSCode Projects\Ideaflow\latest-main-mew\mew\node_modules\next\dist\server\base-server.js:818:17)
    at async D:\VSCode Projects\Ideaflow\latest-main-mew\mew\node_modules\next\dist\server\dev\next-dev-server.js:339:20
    at async Span.traceAsyncFn (D:\VSCode Projects\Ideaflow\latest-main-mew\mew\node_modules\next\dist\trace\trace.js:154:20)
    at async DevServer.handleRequest (D:\VSCode Projects\Ideaflow\latest-main-mew\mew\node_modules\next\dist\server\dev\next-dev-server.js:336:24)
    at async invokeRender (D:\VSCode Projects\Ideaflow\latest-main-mew\mew\node_modules\next\dist\server\lib\router-server.js:182:21)
    at async handleRequest (D:\VSCode Projects\Ideaflow\latest-main-mew\mew\node_modules\next\dist\server\lib\router-server.js:359:24)
    at async requestHandlerImpl (D:\VSCode Projects\Ideaflow\latest-main-mew\mew\node_modules\next\dist\server\lib\router-server.js:383:13)
    at async Server.requestListener (D:\VSCode Projects\Ideaflow\latest-main-mew\mew\node_modules\next\dist\server\lib\start-server.js:141:13) {
  code: 'ECONNREFUSED',
  [errors]: [
    Error: connect ECONNREFUSED ::1:5432
        at createConnectionError (node:net:1678:14)
        at afterConnectMultiple (node:net:1708:16)
        at TCPConnectWrap.callbackTrampoline (node:internal/async_hooks:130:17) {
      errno: -4078,
      code: 'ECONNREFUSED',
      syscall: 'connect',
      address: '::1',
      port: 5432
    },
    Error: connect ECONNREFUSED 127.0.0.1:5432
        at createConnectionError (node:net:1678:14)
        at afterConnectMultiple (node:net:1708:16)
        at TCPConnectWrap.callbackTrampoline (node:internal/async_hooks:130:17) {
      errno: -4078,
      code: 'ECONNREFUSED',
      syscall: 'connect',
      address: '127.0.0.1',
      port: 5432
    }
  ]
}
 ⚠ Fast Refresh had to perform a full reload. Read more: https://nextjs.org/docs/messages/fast-refresh-reload
 ⚠ Fast Refresh had to perform a full reload. Read more: https://nextjs.org/docs/messages/fast-refresh-reload
 ⚠ Fast Refresh had to perform a full reload. Read more: https://nextjs.org/docs/messages/fast-refresh-reload
 ⨯ AggregateError [ECONNREFUSED]: 
    at D:\VSCode Projects\Ideaflow\latest-main-mew\mew\node_modules\pg-pool\index.js:45:11
    at process.processTicksAndRejections (node:internal/process/task_queues:103:5)
    at async eval (webpack-internal:///(rsc)/../latest-main-mew/mew/node_modules/drizzle-orm/node-postgres/session.js:99:22)
    at async postHandler (webpack-internal:///(rsc)/./src/app/api/cache/canonical/route.ts:71:19)
    at async D:\VSCode Projects\Ideaflow\latest-main-mew\mew\node_modules\next\dist\compiled\next-server\app-route.runtime.dev.js:6:57228
    at async eT.execute (D:\VSCode Projects\Ideaflow\latest-main-mew\mew\node_modules\next\dist\compiled\next-server\app-route.runtime.dev.js:6:46851)
    at async eT.handle (D:\VSCode Projects\Ideaflow\latest-main-mew\mew\node_modules\next\dist\compiled\next-server\app-route.runtime.dev.js:6:58760)
    at async doRender (D:\VSCode Projects\Ideaflow\latest-main-mew\mew\node_modules\next\dist\server\base-server.js:1366:42)
    at async cacheEntry.responseCache.get.routeKind (D:\VSCode Projects\Ideaflow\latest-main-mew\mew\node_modules\next\dist\server\base-server.js:1588:28)
    at async DevServer.renderToResponseWithComponentsImpl (D:\VSCode Projects\Ideaflow\latest-main-mew\mew\node_modules\next\dist\server\base-server.js:1496:28)
    at async DevServer.renderPageComponent (D:\VSCode Projects\Ideaflow\latest-main-mew\mew\node_modules\next\dist\server\base-server.js:1924:24)
    at async DevServer.renderToResponseImpl (D:\VSCode Projects\Ideaflow\latest-main-mew\mew\node_modules\next\dist\server\base-server.js:1962:32)
    at async DevServer.pipeImpl (D:\VSCode Projects\Ideaflow\latest-main-mew\mew\node_modules\next\dist\server\base-server.js:922:25)
    at async NextNodeServer.handleCatchallRenderRequest (D:\VSCode Projects\Ideaflow\latest-main-mew\mew\node_modules\next\dist\server\next-server.js:272:17)
    at async DevServer.handleRequestImpl (D:\VSCode Projects\Ideaflow\latest-main-mew\mew\node_modules\next\dist\server\base-server.js:818:17)
    at async D:\VSCode Projects\Ideaflow\latest-main-mew\mew\node_modules\next\dist\server\dev\next-dev-server.js:339:20
    at async Span.traceAsyncFn (D:\VSCode Projects\Ideaflow\latest-main-mew\mew\node_modules\next\dist\trace\trace.js:154:20)
    at async DevServer.handleRequest (D:\VSCode Projects\Ideaflow\latest-main-mew\mew\node_modules\next\dist\server\dev\next-dev-server.js:336:24)
    at async invokeRender (D:\VSCode Projects\Ideaflow\latest-main-mew\mew\node_modules\next\dist\server\lib\router-server.js:182:21)
    at async handleRequest (D:\VSCode Projects\Ideaflow\latest-main-mew\mew\node_modules\next\dist\server\lib\router-server.js:359:24)
    at async requestHandlerImpl (D:\VSCode Projects\Ideaflow\latest-main-mew\mew\node_modules\next\dist\server\lib\router-server.js:383:13)
    at async Server.requestListener (D:\VSCode Projects\Ideaflow\latest-main-mew\mew\node_modules\next\dist\server\lib\start-server.js:141:13) {
  code: 'ECONNREFUSED',
  [errors]: [
    Error: connect ECONNREFUSED ::1:5432
        at createConnectionError (node:net:1678:14)
        at afterConnectMultiple (node:net:1708:16)
        at TCPConnectWrap.callbackTrampoline (node:internal/async_hooks:130:17) {
      errno: -4078,
      code: 'ECONNREFUSED',
      syscall: 'connect',
      address: '::1',
      port: 5432
    },
    Error: connect ECONNREFUSED 127.0.0.1:5432
        at createConnectionError (node:net:1678:14)
        at afterConnectMultiple (node:net:1708:16)
        at TCPConnectWrap.callbackTrampoline (node:internal/async_hooks:130:17) {
      errno: -4078,
      code: 'ECONNREFUSED',
      syscall: 'connect',
      address: '127.0.0.1',
      port: 5432
    }
  ]
}
 ⨯ AggregateError [ECONNREFUSED]: 
    at D:\VSCode Projects\Ideaflow\latest-main-mew\mew\node_modules\pg-pool\index.js:45:11
    at process.processTicksAndRejections (node:internal/process/task_queues:103:5)
    at async eval (webpack-internal:///(rsc)/../latest-main-mew/mew/node_modules/drizzle-orm/node-postgres/session.js:99:22)
    at async postHandler (webpack-internal:///(rsc)/./src/app/api/cache/canonical/route.ts:71:19)
    at async D:\VSCode Projects\Ideaflow\latest-main-mew\mew\node_modules\next\dist\compiled\next-server\app-route.runtime.dev.js:6:57228
    at async eT.execute (D:\VSCode Projects\Ideaflow\latest-main-mew\mew\node_modules\next\dist\compiled\next-server\app-route.runtime.dev.js:6:46851)
    at async eT.handle (D:\VSCode Projects\Ideaflow\latest-main-mew\mew\node_modules\next\dist\compiled\next-server\app-route.runtime.dev.js:6:58760)
    at async doRender (D:\VSCode Projects\Ideaflow\latest-main-mew\mew\node_modules\next\dist\server\base-server.js:1366:42)
    at async cacheEntry.responseCache.get.routeKind (D:\VSCode Projects\Ideaflow\latest-main-mew\mew\node_modules\next\dist\server\base-server.js:1588:28)
    at async DevServer.renderToResponseWithComponentsImpl (D:\VSCode Projects\Ideaflow\latest-main-mew\mew\node_modules\next\dist\server\base-server.js:1496:28)
    at async DevServer.renderPageComponent (D:\VSCode Projects\Ideaflow\latest-main-mew\mew\node_modules\next\dist\server\base-server.js:1924:24)
    at async DevServer.renderToResponseImpl (D:\VSCode Projects\Ideaflow\latest-main-mew\mew\node_modules\next\dist\server\base-server.js:1962:32)
    at async DevServer.pipeImpl (D:\VSCode Projects\Ideaflow\latest-main-mew\mew\node_modules\next\dist\server\base-server.js:922:25)
    at async NextNodeServer.handleCatchallRenderRequest (D:\VSCode Projects\Ideaflow\latest-main-mew\mew\node_modules\next\dist\server\next-server.js:272:17)
    at async DevServer.handleRequestImpl (D:\VSCode Projects\Ideaflow\latest-main-mew\mew\node_modules\next\dist\server\base-server.js:818:17)
    at async D:\VSCode Projects\Ideaflow\latest-main-mew\mew\node_modules\next\dist\server\dev\next-dev-server.js:339:20
    at async Span.traceAsyncFn (D:\VSCode Projects\Ideaflow\latest-main-mew\mew\node_modules\next\dist\trace\trace.js:154:20)
    at async DevServer.handleRequest (D:\VSCode Projects\Ideaflow\latest-main-mew\mew\node_modules\next\dist\server\dev\next-dev-server.js:336:24)
    at async invokeRender (D:\VSCode Projects\Ideaflow\latest-main-mew\mew\node_modules\next\dist\server\lib\router-server.js:182:21)
    at async handleRequest (D:\VSCode Projects\Ideaflow\latest-main-mew\mew\node_modules\next\dist\server\lib\router-server.js:359:24)
    at async requestHandlerImpl (D:\VSCode Projects\Ideaflow\latest-main-mew\mew\node_modules\next\dist\server\lib\router-server.js:383:13)
    at async Server.requestListener (D:\VSCode Projects\Ideaflow\latest-main-mew\mew\node_modules\next\dist\server\lib\start-server.js:141:13) {
  code: 'ECONNREFUSED',
  [errors]: [
    Error: connect ECONNREFUSED ::1:5432
        at createConnectionError (node:net:1678:14)
        at afterConnectMultiple (node:net:1708:16)
        at TCPConnectWrap.callbackTrampoline (node:internal/async_hooks:130:17) {
      errno: -4078,
      code: 'ECONNREFUSED',
      syscall: 'connect',
      address: '::1',
      port: 5432
    },
    Error: connect ECONNREFUSED 127.0.0.1:5432
        at createConnectionError (node:net:1678:14)
        at afterConnectMultiple (node:net:1708:16)
        at TCPConnectWrap.callbackTrampoline (node:internal/async_hooks:130:17) {
      errno: -4078,
      code: 'ECONNREFUSED',
      syscall: 'connect',
      address: '127.0.0.1',
      port: 5432
    }
  ]
}
 ⨯ AggregateError [ECONNREFUSED]: 
    at D:\VSCode Projects\Ideaflow\latest-main-mew\mew\node_modules\pg-pool\index.js:45:11
    at process.processTicksAndRejections (node:internal/process/task_queues:103:5)
    at async eval (webpack-internal:///(rsc)/../latest-main-mew/mew/node_modules/drizzle-orm/node-postgres/session.js:99:22)
    at async postHandler (webpack-internal:///(rsc)/./src/app/api/cache/canonical/route.ts:71:19)
    at async D:\VSCode Projects\Ideaflow\latest-main-mew\mew\node_modules\next\dist\compiled\next-server\app-route.runtime.dev.js:6:57228
    at async eT.execute (D:\VSCode Projects\Ideaflow\latest-main-mew\mew\node_modules\next\dist\compiled\next-server\app-route.runtime.dev.js:6:46851)
    at async eT.handle (D:\VSCode Projects\Ideaflow\latest-main-mew\mew\node_modules\next\dist\compiled\next-server\app-route.runtime.dev.js:6:58760)
    at async doRender (D:\VSCode Projects\Ideaflow\latest-main-mew\mew\node_modules\next\dist\server\base-server.js:1366:42)
    at async cacheEntry.responseCache.get.routeKind (D:\VSCode Projects\Ideaflow\latest-main-mew\mew\node_modules\next\dist\server\base-server.js:1588:28)
    at async DevServer.renderToResponseWithComponentsImpl (D:\VSCode Projects\Ideaflow\latest-main-mew\mew\node_modules\next\dist\server\base-server.js:1496:28)
    at async DevServer.renderPageComponent (D:\VSCode Projects\Ideaflow\latest-main-mew\mew\node_modules\next\dist\server\base-server.js:1924:24)
    at async DevServer.renderToResponseImpl (D:\VSCode Projects\Ideaflow\latest-main-mew\mew\node_modules\next\dist\server\base-server.js:1962:32)
    at async DevServer.pipeImpl (D:\VSCode Projects\Ideaflow\latest-main-mew\mew\node_modules\next\dist\server\base-server.js:922:25)
    at async NextNodeServer.handleCatchallRenderRequest (D:\VSCode Projects\Ideaflow\latest-main-mew\mew\node_modules\next\dist\server\next-server.js:272:17)
    at async DevServer.handleRequestImpl (D:\VSCode Projects\Ideaflow\latest-main-mew\mew\node_modules\next\dist\server\base-server.js:818:17)
    at async D:\VSCode Projects\Ideaflow\latest-main-mew\mew\node_modules\next\dist\server\dev\next-dev-server.js:339:20
    at async Span.traceAsyncFn (D:\VSCode Projects\Ideaflow\latest-main-mew\mew\node_modules\next\dist\trace\trace.js:154:20)
    at async DevServer.handleRequest (D:\VSCode Projects\Ideaflow\latest-main-mew\mew\node_modules\next\dist\server\dev\next-dev-server.js:336:24)
    at async invokeRender (D:\VSCode Projects\Ideaflow\latest-main-mew\mew\node_modules\next\dist\server\lib\router-server.js:182:21)
    at async handleRequest (D:\VSCode Projects\Ideaflow\latest-main-mew\mew\node_modules\next\dist\server\lib\router-server.js:359:24)
    at async requestHandlerImpl (D:\VSCode Projects\Ideaflow\latest-main-mew\mew\node_modules\next\dist\server\lib\router-server.js:383:13)
    at async Server.requestListener (D:\VSCode Projects\Ideaflow\latest-main-mew\mew\node_modules\next\dist\server\lib\start-server.js:141:13) {
  code: 'ECONNREFUSED',
  [errors]: [
    Error: connect ECONNREFUSED ::1:5432
        at createConnectionError (node:net:1678:14)
        at afterConnectMultiple (node:net:1708:16)
        at TCPConnectWrap.callbackTrampoline (node:internal/async_hooks:130:17) {
      errno: -4078,
      code: 'ECONNREFUSED',
      syscall: 'connect',
      address: '::1',
      port: 5432
    },
    Error: connect ECONNREFUSED 127.0.0.1:5432
        at createConnectionError (node:net:1678:14)
        at afterConnectMultiple (node:net:1708:16)
        at TCPConnectWrap.callbackTrampoline (node:internal/async_hooks:130:17) {
      errno: -4078,
      code: 'ECONNREFUSED',
      syscall: 'connect',
      address: '127.0.0.1',
      port: 5432
    }
  ]
}
 ⚠ Fast Refresh had to perform a full reload. Read more: https://nextjs.org/docs/messages/fast-refresh-reload
 ⨯ AggregateError [ECONNREFUSED]: 
    at D:\VSCode Projects\Ideaflow\latest-main-mew\mew\node_modules\pg-pool\index.js:45:11
    at process.processTicksAndRejections (node:internal/process/task_queues:103:5)
    at async eval (webpack-internal:///(rsc)/../latest-main-mew/mew/node_modules/drizzle-orm/node-postgres/session.js:99:22)
    at async postHandler (webpack-internal:///(rsc)/./src/app/api/cache/canonical/route.ts:71:19)
    at async D:\VSCode Projects\Ideaflow\latest-main-mew\mew\node_modules\next\dist\compiled\next-server\app-route.runtime.dev.js:6:57228
    at async eT.execute (D:\VSCode Projects\Ideaflow\latest-main-mew\mew\node_modules\next\dist\compiled\next-server\app-route.runtime.dev.js:6:46851)
    at async eT.handle (D:\VSCode Projects\Ideaflow\latest-main-mew\mew\node_modules\next\dist\compiled\next-server\app-route.runtime.dev.js:6:58760)
    at async doRender (D:\VSCode Projects\Ideaflow\latest-main-mew\mew\node_modules\next\dist\server\base-server.js:1366:42)
    at async cacheEntry.responseCache.get.routeKind (D:\VSCode Projects\Ideaflow\latest-main-mew\mew\node_modules\next\dist\server\base-server.js:1588:28)
    at async DevServer.renderToResponseWithComponentsImpl (D:\VSCode Projects\Ideaflow\latest-main-mew\mew\node_modules\next\dist\server\base-server.js:1496:28)
    at async DevServer.renderPageComponent (D:\VSCode Projects\Ideaflow\latest-main-mew\mew\node_modules\next\dist\server\base-server.js:1924:24)
    at async DevServer.renderToResponseImpl (D:\VSCode Projects\Ideaflow\latest-main-mew\mew\node_modules\next\dist\server\base-server.js:1962:32)
    at async DevServer.pipeImpl (D:\VSCode Projects\Ideaflow\latest-main-mew\mew\node_modules\next\dist\server\base-server.js:922:25)
    at async NextNodeServer.handleCatchallRenderRequest (D:\VSCode Projects\Ideaflow\latest-main-mew\mew\node_modules\next\dist\server\next-server.js:272:17)
    at async DevServer.handleRequestImpl (D:\VSCode Projects\Ideaflow\latest-main-mew\mew\node_modules\next\dist\server\base-server.js:818:17)
    at async D:\VSCode Projects\Ideaflow\latest-main-mew\mew\node_modules\next\dist\server\dev\next-dev-server.js:339:20
    at async Span.traceAsyncFn (D:\VSCode Projects\Ideaflow\latest-main-mew\mew\node_modules\next\dist\trace\trace.js:154:20)
    at async DevServer.handleRequest (D:\VSCode Projects\Ideaflow\latest-main-mew\mew\node_modules\next\dist\server\dev\next-dev-server.js:336:24)
    at async invokeRender (D:\VSCode Projects\Ideaflow\latest-main-mew\mew\node_modules\next\dist\server\lib\router-server.js:182:21)
    at async handleRequest (D:\VSCode Projects\Ideaflow\latest-main-mew\mew\node_modules\next\dist\server\lib\router-server.js:359:24)
    at async requestHandlerImpl (D:\VSCode Projects\Ideaflow\latest-main-mew\mew\node_modules\next\dist\server\lib\router-server.js:383:13)
    at async Server.requestListener (D:\VSCode Projects\Ideaflow\latest-main-mew\mew\node_modules\next\dist\server\lib\start-server.js:141:13) {
  code: 'ECONNREFUSED',
  [errors]: [
    Error: connect ECONNREFUSED ::1:5432
        at createConnectionError (node:net:1678:14)
        at afterConnectMultiple (node:net:1708:16)
        at TCPConnectWrap.callbackTrampoline (node:internal/async_hooks:130:17) {
      errno: -4078,
      code: 'ECONNREFUSED',
      syscall: 'connect',
      address: '::1',
      port: 5432
    },
    Error: connect ECONNREFUSED 127.0.0.1:5432
        at createConnectionError (node:net:1678:14)
        at afterConnectMultiple (node:net:1708:16)
        at TCPConnectWrap.callbackTrampoline (node:internal/async_hooks:130:17) {
      errno: -4078,
      code: 'ECONNREFUSED',
      syscall: 'connect',
      address: '127.0.0.1',
      port: 5432
    }
  ]
}
 ⨯ AggregateError [ECONNREFUSED]: 
    at D:\VSCode Projects\Ideaflow\latest-main-mew\mew\node_modules\pg-pool\index.js:45:11
    at process.processTicksAndRejections (node:internal/process/task_queues:103:5)
    at async eval (webpack-internal:///(rsc)/../latest-main-mew/mew/node_modules/drizzle-orm/node-postgres/session.js:99:22)
    at async postHandler (webpack-internal:///(rsc)/./src/app/api/cache/canonical/route.ts:71:19)
    at async D:\VSCode Projects\Ideaflow\latest-main-mew\mew\node_modules\next\dist\compiled\next-server\app-route.runtime.dev.js:6:57228
    at async eT.execute (D:\VSCode Projects\Ideaflow\latest-main-mew\mew\node_modules\next\dist\compiled\next-server\app-route.runtime.dev.js:6:46851)
    at async eT.handle (D:\VSCode Projects\Ideaflow\latest-main-mew\mew\node_modules\next\dist\compiled\next-server\app-route.runtime.dev.js:6:58760)
    at async doRender (D:\VSCode Projects\Ideaflow\latest-main-mew\mew\node_modules\next\dist\server\base-server.js:1366:42)
    at async cacheEntry.responseCache.get.routeKind (D:\VSCode Projects\Ideaflow\latest-main-mew\mew\node_modules\next\dist\server\base-server.js:1588:28)
    at async DevServer.renderToResponseWithComponentsImpl (D:\VSCode Projects\Ideaflow\latest-main-mew\mew\node_modules\next\dist\server\base-server.js:1496:28)
    at async DevServer.renderPageComponent (D:\VSCode Projects\Ideaflow\latest-main-mew\mew\node_modules\next\dist\server\base-server.js:1924:24)
    at async DevServer.renderToResponseImpl (D:\VSCode Projects\Ideaflow\latest-main-mew\mew\node_modules\next\dist\server\base-server.js:1962:32)
    at async DevServer.pipeImpl (D:\VSCode Projects\Ideaflow\latest-main-mew\mew\node_modules\next\dist\server\base-server.js:922:25)
    at async NextNodeServer.handleCatchallRenderRequest (D:\VSCode Projects\Ideaflow\latest-main-mew\mew\node_modules\next\dist\server\next-server.js:272:17)
    at async DevServer.handleRequestImpl (D:\VSCode Projects\Ideaflow\latest-main-mew\mew\node_modules\next\dist\server\base-server.js:818:17)
    at async D:\VSCode Projects\Ideaflow\latest-main-mew\mew\node_modules\next\dist\server\dev\next-dev-server.js:339:20
    at async Span.traceAsyncFn (D:\VSCode Projects\Ideaflow\latest-main-mew\mew\node_modules\next\dist\trace\trace.js:154:20)
    at async DevServer.handleRequest (D:\VSCode Projects\Ideaflow\latest-main-mew\mew\node_modules\next\dist\server\dev\next-dev-server.js:336:24)
    at async invokeRender (D:\VSCode Projects\Ideaflow\latest-main-mew\mew\node_modules\next\dist\server\lib\router-server.js:182:21)
    at async handleRequest (D:\VSCode Projects\Ideaflow\latest-main-mew\mew\node_modules\next\dist\server\lib\router-server.js:359:24)
    at async requestHandlerImpl (D:\VSCode Projects\Ideaflow\latest-main-mew\mew\node_modules\next\dist\server\lib\router-server.js:383:13)
    at async Server.requestListener (D:\VSCode Projects\Ideaflow\latest-main-mew\mew\node_modules\next\dist\server\lib\start-server.js:141:13) {
  code: 'ECONNREFUSED',
  [errors]: [
    Error: connect ECONNREFUSED ::1:5432
        at createConnectionError (node:net:1678:14)
        at afterConnectMultiple (node:net:1708:16)
        at TCPConnectWrap.callbackTrampoline (node:internal/async_hooks:130:17) {
      errno: -4078,
      code: 'ECONNREFUSED',
      syscall: 'connect',
      address: '::1',
      port: 5432
    },
    Error: connect ECONNREFUSED 127.0.0.1:5432
        at createConnectionError (node:net:1678:14)
        at afterConnectMultiple (node:net:1708:16)
        at TCPConnectWrap.callbackTrampoline (node:internal/async_hooks:130:17) {
      errno: -4078,
      code: 'ECONNREFUSED',
      syscall: 'connect',
      address: '127.0.0.1',
      port: 5432
    }
  ]
}
 ⨯ AggregateError [ECONNREFUSED]: 
    at D:\VSCode Projects\Ideaflow\latest-main-mew\mew\node_modules\pg-pool\index.js:45:11
    at process.processTicksAndRejections (node:internal/process/task_queues:103:5)
    at async eval (webpack-internal:///(rsc)/../latest-main-mew/mew/node_modules/drizzle-orm/node-postgres/session.js:99:22)
    at async postHandler (webpack-internal:///(rsc)/./src/app/api/cache/canonical/route.ts:71:19)
    at async D:\VSCode Projects\Ideaflow\latest-main-mew\mew\node_modules\next\dist\compiled\next-server\app-route.runtime.dev.js:6:57228
    at async eT.execute (D:\VSCode Projects\Ideaflow\latest-main-mew\mew\node_modules\next\dist\compiled\next-server\app-route.runtime.dev.js:6:46851)
    at async eT.handle (D:\VSCode Projects\Ideaflow\latest-main-mew\mew\node_modules\next\dist\compiled\next-server\app-route.runtime.dev.js:6:58760)
    at async doRender (D:\VSCode Projects\Ideaflow\latest-main-mew\mew\node_modules\next\dist\server\base-server.js:1366:42)
    at async cacheEntry.responseCache.get.routeKind (D:\VSCode Projects\Ideaflow\latest-main-mew\mew\node_modules\next\dist\server\base-server.js:1588:28)
    at async DevServer.renderToResponseWithComponentsImpl (D:\VSCode Projects\Ideaflow\latest-main-mew\mew\node_modules\next\dist\server\base-server.js:1496:28)
    at async DevServer.renderPageComponent (D:\VSCode Projects\Ideaflow\latest-main-mew\mew\node_modules\next\dist\server\base-server.js:1924:24)
    at async DevServer.renderToResponseImpl (D:\VSCode Projects\Ideaflow\latest-main-mew\mew\node_modules\next\dist\server\base-server.js:1962:32)
    at async DevServer.pipeImpl (D:\VSCode Projects\Ideaflow\latest-main-mew\mew\node_modules\next\dist\server\base-server.js:922:25)
    at async NextNodeServer.handleCatchallRenderRequest (D:\VSCode Projects\Ideaflow\latest-main-mew\mew\node_modules\next\dist\server\next-server.js:272:17)
    at async DevServer.handleRequestImpl (D:\VSCode Projects\Ideaflow\latest-main-mew\mew\node_modules\next\dist\server\base-server.js:818:17)
    at async D:\VSCode Projects\Ideaflow\latest-main-mew\mew\node_modules\next\dist\server\dev\next-dev-server.js:339:20
    at async Span.traceAsyncFn (D:\VSCode Projects\Ideaflow\latest-main-mew\mew\node_modules\next\dist\trace\trace.js:154:20)
    at async DevServer.handleRequest (D:\VSCode Projects\Ideaflow\latest-main-mew\mew\node_modules\next\dist\server\dev\next-dev-server.js:336:24)
    at async invokeRender (D:\VSCode Projects\Ideaflow\latest-main-mew\mew\node_modules\next\dist\server\lib\router-server.js:182:21)
    at async handleRequest (D:\VSCode Projects\Ideaflow\latest-main-mew\mew\node_modules\next\dist\server\lib\router-server.js:359:24)
    at async requestHandlerImpl (D:\VSCode Projects\Ideaflow\latest-main-mew\mew\node_modules\next\dist\server\lib\router-server.js:383:13)
    at async Server.requestListener (D:\VSCode Projects\Ideaflow\latest-main-mew\mew\node_modules\next\dist\server\lib\start-server.js:141:13) {
  code: 'ECONNREFUSED',
  [errors]: [
    Error: connect ECONNREFUSED ::1:5432
        at createConnectionError (node:net:1678:14)
        at afterConnectMultiple (node:net:1708:16)
        at TCPConnectWrap.callbackTrampoline (node:internal/async_hooks:130:17) {
      errno: -4078,
      code: 'ECONNREFUSED',
      syscall: 'connect',
      address: '::1',
      port: 5432
    },
    Error: connect ECONNREFUSED 127.0.0.1:5432
        at createConnectionError (node:net:1678:14)
        at afterConnectMultiple (node:net:1708:16)
        at TCPConnectWrap.callbackTrampoline (node:internal/async_hooks:130:17) {
      errno: -4078,
      code: 'ECONNREFUSED',
      syscall: 'connect',
      address: '127.0.0.1',
      port: 5432
    }
  ]
}
 ⨯ Module not found: Error: D:\VSCode Projects\Ideaflow\nodebook-real\package.json (directory description file): Error: D:\VSCode Projects\Ideaflow\nodebook-real\package.json (directory description file): Error: D:\VSCode Projects\Ideaflow\nodebook-real\package.json (directory description file): Error: D:\VSCode Projects\Ideaflow\nodebook-real\package.json (directory description file): Error: D:\VSCode Projects\Ideaflow\nodebook-real\package.json (directory description file): Error: D:\VSCode Projects\Ideaflow\nodebook-real\package.json (directory description file): Error: D:\VSCode Projects\Ideaflow\nodebook-real\package.json (directory description file): Error: D:\VSCode Projects\Ideaflow\nodebook-real\package.json (directory description file): Error: D:\VSCode Projects\Ideaflow\nodebook-real\package.json (directory description file): Error: D:\VSCode Projects\Ideaflow\nodebook-real\package.json (directory description file): Error: D:\VSCode Projects\Ideaflow\nodebook-real\package.json (directory description file): Error: D:\VSCode Projects\Ideaflow\nodebook-real\package.json (directory description file): Error: D:\VSCode Projects\Ideaflow\nodebook-real\package.json (directory description file): Error: D:\VSCode Projects\Ideaflow\nodebook-real\package.json (directory description file): Error: D:\VSCode Projects\Ideaflow\nodebook-real\package.json (directory description file): Error: D:\VSCode Projects\Ideaflow\nodebook-real\package.json (directory description file): Error: D:\VSCode Projects\Ideaflow\nodebook-real\package.json (directory description file): Error: D:\VSCode Projects\Ideaflow\nodebook-real\package.json (directory description file): Error: D:\VSCode Projects\Ideaflow\nodebook-real\package.json (directory description file): Error: No file content
 ⨯ AggregateError [ECONNREFUSED]: 
    at D:\VSCode Projects\Ideaflow\latest-main-mew\mew\node_modules\pg-pool\index.js:45:11
    at process.processTicksAndRejections (node:internal/process/task_queues:103:5)
    at async eval (webpack-internal:///(rsc)/../latest-main-mew/mew/node_modules/drizzle-orm/node-postgres/session.js:99:22)
    at async postHandler (webpack-internal:///(rsc)/./src/app/api/cache/canonical/route.ts:71:19)
    at async D:\VSCode Projects\Ideaflow\latest-main-mew\mew\node_modules\next\dist\compiled\next-server\app-route.runtime.dev.js:6:57228
    at async eT.execute (D:\VSCode Projects\Ideaflow\latest-main-mew\mew\node_modules\next\dist\compiled\next-server\app-route.runtime.dev.js:6:46851)
    at async eT.handle (D:\VSCode Projects\Ideaflow\latest-main-mew\mew\node_modules\next\dist\compiled\next-server\app-route.runtime.dev.js:6:58760)
    at async doRender (D:\VSCode Projects\Ideaflow\latest-main-mew\mew\node_modules\next\dist\server\base-server.js:1366:42)
    at async cacheEntry.responseCache.get.routeKind (D:\VSCode Projects\Ideaflow\latest-main-mew\mew\node_modules\next\dist\server\base-server.js:1588:28)
    at async DevServer.renderToResponseWithComponentsImpl (D:\VSCode Projects\Ideaflow\latest-main-mew\mew\node_modules\next\dist\server\base-server.js:1496:28)
    at async DevServer.renderPageComponent (D:\VSCode Projects\Ideaflow\latest-main-mew\mew\node_modules\next\dist\server\base-server.js:1924:24)
    at async DevServer.renderToResponseImpl (D:\VSCode Projects\Ideaflow\latest-main-mew\mew\node_modules\next\dist\server\base-server.js:1962:32)
    at async DevServer.pipeImpl (D:\VSCode Projects\Ideaflow\latest-main-mew\mew\node_modules\next\dist\server\base-server.js:922:25)
    at async NextNodeServer.handleCatchallRenderRequest (D:\VSCode Projects\Ideaflow\latest-main-mew\mew\node_modules\next\dist\server\next-server.js:272:17)
    at async DevServer.handleRequestImpl (D:\VSCode Projects\Ideaflow\latest-main-mew\mew\node_modules\next\dist\server\base-server.js:818:17)
    at async D:\VSCode Projects\Ideaflow\latest-main-mew\mew\node_modules\next\dist\server\dev\next-dev-server.js:339:20
    at async Span.traceAsyncFn (D:\VSCode Projects\Ideaflow\latest-main-mew\mew\node_modules\next\dist\trace\trace.js:154:20)
    at async DevServer.handleRequest (D:\VSCode Projects\Ideaflow\latest-main-mew\mew\node_modules\next\dist\server\dev\next-dev-server.js:336:24)
    at async invokeRender (D:\VSCode Projects\Ideaflow\latest-main-mew\mew\node_modules\next\dist\server\lib\router-server.js:182:21)
    at async handleRequest (D:\VSCode Projects\Ideaflow\latest-main-mew\mew\node_modules\next\dist\server\lib\router-server.js:359:24)
    at async requestHandlerImpl (D:\VSCode Projects\Ideaflow\latest-main-mew\mew\node_modules\next\dist\server\lib\router-server.js:383:13)
    at async Server.requestListener (D:\VSCode Projects\Ideaflow\latest-main-mew\mew\node_modules\next\dist\server\lib\start-server.js:141:13) {
  code: 'ECONNREFUSED',
  [errors]: [
    Error: connect ECONNREFUSED ::1:5432
        at createConnectionError (node:net:1678:14)
        at afterConnectMultiple (node:net:1708:16)
        at TCPConnectWrap.callbackTrampoline (node:internal/async_hooks:130:17) {
      errno: -4078,
      code: 'ECONNREFUSED',
      syscall: 'connect',
      address: '::1',
      port: 5432
    },
    Error: connect ECONNREFUSED 127.0.0.1:5432
        at createConnectionError (node:net:1678:14)
        at afterConnectMultiple (node:net:1708:16)
        at TCPConnectWrap.callbackTrampoline (node:internal/async_hooks:130:17) {
      errno: -4078,
      code: 'ECONNREFUSED',
      syscall: 'connect',
      address: '127.0.0.1',
      port: 5432
    }
  ]
}
 ⨯ AggregateError [ECONNREFUSED]: 
    at D:\VSCode Projects\Ideaflow\latest-main-mew\mew\node_modules\pg-pool\index.js:45:11
    at process.processTicksAndRejections (node:internal/process/task_queues:103:5)
    at async eval (webpack-internal:///(rsc)/../latest-main-mew/mew/node_modules/drizzle-orm/node-postgres/session.js:99:22)
    at async postHandler (webpack-internal:///(rsc)/./src/app/api/cache/canonical/route.ts:71:19)
    at async D:\VSCode Projects\Ideaflow\latest-main-mew\mew\node_modules\next\dist\compiled\next-server\app-route.runtime.dev.js:6:57228
    at async eT.execute (D:\VSCode Projects\Ideaflow\latest-main-mew\mew\node_modules\next\dist\compiled\next-server\app-route.runtime.dev.js:6:46851)
    at async eT.handle (D:\VSCode Projects\Ideaflow\latest-main-mew\mew\node_modules\next\dist\compiled\next-server\app-route.runtime.dev.js:6:58760)
    at async doRender (D:\VSCode Projects\Ideaflow\latest-main-mew\mew\node_modules\next\dist\server\base-server.js:1366:42)
    at async cacheEntry.responseCache.get.routeKind (D:\VSCode Projects\Ideaflow\latest-main-mew\mew\node_modules\next\dist\server\base-server.js:1588:28)
    at async DevServer.renderToResponseWithComponentsImpl (D:\VSCode Projects\Ideaflow\latest-main-mew\mew\node_modules\next\dist\server\base-server.js:1496:28)
    at async DevServer.renderPageComponent (D:\VSCode Projects\Ideaflow\latest-main-mew\mew\node_modules\next\dist\server\base-server.js:1924:24)
    at async DevServer.renderToResponseImpl (D:\VSCode Projects\Ideaflow\latest-main-mew\mew\node_modules\next\dist\server\base-server.js:1962:32)
    at async DevServer.pipeImpl (D:\VSCode Projects\Ideaflow\latest-main-mew\mew\node_modules\next\dist\server\base-server.js:922:25)
    at async NextNodeServer.handleCatchallRenderRequest (D:\VSCode Projects\Ideaflow\latest-main-mew\mew\node_modules\next\dist\server\next-server.js:272:17)
    at async DevServer.handleRequestImpl (D:\VSCode Projects\Ideaflow\latest-main-mew\mew\node_modules\next\dist\server\base-server.js:818:17)
    at async D:\VSCode Projects\Ideaflow\latest-main-mew\mew\node_modules\next\dist\server\dev\next-dev-server.js:339:20
    at async Span.traceAsyncFn (D:\VSCode Projects\Ideaflow\latest-main-mew\mew\node_modules\next\dist\trace\trace.js:154:20)
    at async DevServer.handleRequest (D:\VSCode Projects\Ideaflow\latest-main-mew\mew\node_modules\next\dist\server\dev\next-dev-server.js:336:24)
    at async invokeRender (D:\VSCode Projects\Ideaflow\latest-main-mew\mew\node_modules\next\dist\server\lib\router-server.js:182:21)
    at async handleRequest (D:\VSCode Projects\Ideaflow\latest-main-mew\mew\node_modules\next\dist\server\lib\router-server.js:359:24)
    at async requestHandlerImpl (D:\VSCode Projects\Ideaflow\latest-main-mew\mew\node_modules\next\dist\server\lib\router-server.js:383:13)
    at async Server.requestListener (D:\VSCode Projects\Ideaflow\latest-main-mew\mew\node_modules\next\dist\server\lib\start-server.js:141:13) {
  code: 'ECONNREFUSED',
  [errors]: [
    Error: connect ECONNREFUSED ::1:5432
        at createConnectionError (node:net:1678:14)
        at afterConnectMultiple (node:net:1708:16)
        at TCPConnectWrap.callbackTrampoline (node:internal/async_hooks:130:17) {
      errno: -4078,
      code: 'ECONNREFUSED',
      syscall: 'connect',
      address: '::1',
      port: 5432
    },
    Error: connect ECONNREFUSED 127.0.0.1:5432
        at createConnectionError (node:net:1678:14)
        at afterConnectMultiple (node:net:1708:16)
        at TCPConnectWrap.callbackTrampoline (node:internal/async_hooks:130:17) {
      errno: -4078,
      code: 'ECONNREFUSED',
      syscall: 'connect',
      address: '127.0.0.1',
      port: 5432
    }
  ]
}
 ⨯ AggregateError [ECONNREFUSED]: 
    at D:\VSCode Projects\Ideaflow\latest-main-mew\mew\node_modules\pg-pool\index.js:45:11
    at process.processTicksAndRejections (node:internal/process/task_queues:103:5)
    at async eval (webpack-internal:///(rsc)/../latest-main-mew/mew/node_modules/drizzle-orm/node-postgres/session.js:99:22)
    at async postHandler (webpack-internal:///(rsc)/./src/app/api/cache/canonical/route.ts:71:19)
    at async D:\VSCode Projects\Ideaflow\latest-main-mew\mew\node_modules\next\dist\compiled\next-server\app-route.runtime.dev.js:6:57228
    at async eT.execute (D:\VSCode Projects\Ideaflow\latest-main-mew\mew\node_modules\next\dist\compiled\next-server\app-route.runtime.dev.js:6:46851)
    at async eT.handle (D:\VSCode Projects\Ideaflow\latest-main-mew\mew\node_modules\next\dist\compiled\next-server\app-route.runtime.dev.js:6:58760)
    at async doRender (D:\VSCode Projects\Ideaflow\latest-main-mew\mew\node_modules\next\dist\server\base-server.js:1366:42)
    at async cacheEntry.responseCache.get.routeKind (D:\VSCode Projects\Ideaflow\latest-main-mew\mew\node_modules\next\dist\server\base-server.js:1588:28)
    at async DevServer.renderToResponseWithComponentsImpl (D:\VSCode Projects\Ideaflow\latest-main-mew\mew\node_modules\next\dist\server\base-server.js:1496:28)
    at async DevServer.renderPageComponent (D:\VSCode Projects\Ideaflow\latest-main-mew\mew\node_modules\next\dist\server\base-server.js:1924:24)
    at async DevServer.renderToResponseImpl (D:\VSCode Projects\Ideaflow\latest-main-mew\mew\node_modules\next\dist\server\base-server.js:1962:32)
    at async DevServer.pipeImpl (D:\VSCode Projects\Ideaflow\latest-main-mew\mew\node_modules\next\dist\server\base-server.js:922:25)
    at async NextNodeServer.handleCatchallRenderRequest (D:\VSCode Projects\Ideaflow\latest-main-mew\mew\node_modules\next\dist\server\next-server.js:272:17)
    at async DevServer.handleRequestImpl (D:\VSCode Projects\Ideaflow\latest-main-mew\mew\node_modules\next\dist\server\base-server.js:818:17)
    at async D:\VSCode Projects\Ideaflow\latest-main-mew\mew\node_modules\next\dist\server\dev\next-dev-server.js:339:20
    at async Span.traceAsyncFn (D:\VSCode Projects\Ideaflow\latest-main-mew\mew\node_modules\next\dist\trace\trace.js:154:20)
    at async DevServer.handleRequest (D:\VSCode Projects\Ideaflow\latest-main-mew\mew\node_modules\next\dist\server\dev\next-dev-server.js:336:24)
    at async invokeRender (D:\VSCode Projects\Ideaflow\latest-main-mew\mew\node_modules\next\dist\server\lib\router-server.js:182:21)
    at async handleRequest (D:\VSCode Projects\Ideaflow\latest-main-mew\mew\node_modules\next\dist\server\lib\router-server.js:359:24)
    at async requestHandlerImpl (D:\VSCode Projects\Ideaflow\latest-main-mew\mew\node_modules\next\dist\server\lib\router-server.js:383:13)
    at async Server.requestListener (D:\VSCode Projects\Ideaflow\latest-main-mew\mew\node_modules\next\dist\server\lib\start-server.js:141:13) {
  code: 'ECONNREFUSED',
  [errors]: [
    Error: connect ECONNREFUSED ::1:5432
        at createConnectionError (node:net:1678:14)
        at afterConnectMultiple (node:net:1708:16)
        at TCPConnectWrap.callbackTrampoline (node:internal/async_hooks:130:17) {
      errno: -4078,
      code: 'ECONNREFUSED',
      syscall: 'connect',
      address: '::1',
      port: 5432
    },
    Error: connect ECONNREFUSED 127.0.0.1:5432
        at createConnectionError (node:net:1678:14)
        at afterConnectMultiple (node:net:1708:16)
        at TCPConnectWrap.callbackTrampoline (node:internal/async_hooks:130:17) {
      errno: -4078,
      code: 'ECONNREFUSED',
      syscall: 'connect',
      address: '127.0.0.1',
      port: 5432
    }
  ]
}
 ⨯ ./src/lib/pusher.ts
Error: Failed to read source code from D:\VSCode Projects\Ideaflow\nodebook-real\src\lib\pusher.ts

Caused by:
    The system cannot find the file specified. (os error 2)

Import trace for requested module:
./src/lib/pusher.ts
./src/app/graph/UpdateManager.ts
./src/app/graph/GraphStore.ts
./src/app/StoresProvider.tsx
 ⨯ ./src/lib/pusher.ts
Error: Failed to read source code from D:\VSCode Projects\Ideaflow\nodebook-real\src\lib\pusher.ts

Caused by:
    The system cannot find the file specified. (os error 2)

Import trace for requested module:
./src/lib/pusher.ts
./src/app/graph/UpdateManager.ts
./src/app/graph/GraphStore.ts
./src/app/StoresProvider.tsx
 ⨯ ./src/lib/pusher.ts
Error: Failed to read source code from D:\VSCode Projects\Ideaflow\nodebook-real\src\lib\pusher.ts

Caused by:
    The system cannot find the file specified. (os error 2)

Import trace for requested module:
./src/lib/pusher.ts
./src/app/graph/UpdateManager.ts
./src/app/graph/GraphStore.ts
./src/app/StoresProvider.tsx
 ⚠ Fast Refresh had to perform a full reload. Read more: https://nextjs.org/docs/messages/fast-refresh-reload
 ⨯ Failed to generate static paths for /g/[[...path]]:
Error: Cannot find module './vendor-chunks/pixi.js.js'
Require stack:
- D:\VSCode Projects\Ideaflow\nodebook-real\.next\server\webpack-runtime.js
- D:\VSCode Projects\Ideaflow\nodebook-real\.next\server\app\g\[[...path]]\page.js
- D:\VSCode Projects\Ideaflow\latest-main-mew\mew\node_modules\next\dist\server\require.js
- D:\VSCode Projects\Ideaflow\latest-main-mew\mew\node_modules\next\dist\server\load-components.js
- D:\VSCode Projects\Ideaflow\latest-main-mew\mew\node_modules\next\dist\build\utils.js
- D:\VSCode Projects\Ideaflow\latest-main-mew\mew\node_modules\next\dist\server\dev\static-paths-worker.js
- D:\VSCode Projects\Ideaflow\latest-main-mew\mew\node_modules\next\dist\compiled\jest-worker\processChild.js
    at Function.<anonymous> (node:internal/modules/cjs/loader:1383:15)
    at D:\VSCode Projects\Ideaflow\latest-main-mew\mew\node_modules\next\dist\server\require-hook.js:55:36
    at defaultResolveImpl (node:internal/modules/cjs/loader:1025:19)
    at resolveForCJSWithHooks (node:internal/modules/cjs/loader:1030:22)
    at Function._load (node:internal/modules/cjs/loader:1192:37)
    at TracingChannel.traceSync (node:diagnostics_channel:328:14)
    at wrapModuleLoad (node:internal/modules/cjs/loader:237:24)
    at Module.<anonymous> (node:internal/modules/cjs/loader:1463:12)
    at mod.require (D:\VSCode Projects\Ideaflow\latest-main-mew\mew\node_modules\next\dist\server\require-hook.js:65:28)
    at require (node:internal/modules/helpers:147:16) {
  type: 'Error',
  code: 'MODULE_NOT_FOUND',
  requireStack: [
    'D:\\VSCode Projects\\Ideaflow\\nodebook-real\\.next\\server\\webpack-runtime.js',
    'D:\\VSCode Projects\\Ideaflow\\nodebook-real\\.next\\server\\app\\g\\[[...path]]\\page.js',
    'D:\\VSCode Projects\\Ideaflow\\latest-main-mew\\mew\\node_modules\\next\\dist\\server\\require.js',
    'D:\\VSCode Projects\\Ideaflow\\latest-main-mew\\mew\\node_modules\\next\\dist\\server\\load-components.js',
    'D:\\VSCode Projects\\Ideaflow\\latest-main-mew\\mew\\node_modules\\next\\dist\\build\\utils.js',
    'D:\\VSCode Projects\\Ideaflow\\latest-main-mew\\mew\\node_modules\\next\\dist\\server\\dev\\static-paths-worker.js',
    'D:\\VSCode Projects\\Ideaflow\\latest-main-mew\\mew\\node_modules\\next\\dist\\compiled\\jest-worker\\processChild.js'
  ]
}
 ⨯ Failed to generate static paths for /g/[[...path]]:
Error: Cannot find module './vendor-chunks/pixi.js.js'
Require stack:
- D:\VSCode Projects\Ideaflow\nodebook-real\.next\server\webpack-runtime.js
- D:\VSCode Projects\Ideaflow\nodebook-real\.next\server\app\g\[[...path]]\page.js
- D:\VSCode Projects\Ideaflow\latest-main-mew\mew\node_modules\next\dist\server\require.js
- D:\VSCode Projects\Ideaflow\latest-main-mew\mew\node_modules\next\dist\server\load-components.js
- D:\VSCode Projects\Ideaflow\latest-main-mew\mew\node_modules\next\dist\build\utils.js
- D:\VSCode Projects\Ideaflow\latest-main-mew\mew\node_modules\next\dist\server\dev\static-paths-worker.js
- D:\VSCode Projects\Ideaflow\latest-main-mew\mew\node_modules\next\dist\compiled\jest-worker\processChild.js
    at Function.<anonymous> (node:internal/modules/cjs/loader:1383:15)
    at D:\VSCode Projects\Ideaflow\latest-main-mew\mew\node_modules\next\dist\server\require-hook.js:55:36
    at defaultResolveImpl (node:internal/modules/cjs/loader:1025:19)
    at resolveForCJSWithHooks (node:internal/modules/cjs/loader:1030:22)
    at Function._load (node:internal/modules/cjs/loader:1192:37)
    at TracingChannel.traceSync (node:diagnostics_channel:328:14)
    at wrapModuleLoad (node:internal/modules/cjs/loader:237:24)
    at Module.<anonymous> (node:internal/modules/cjs/loader:1463:12)
    at mod.require (D:\VSCode Projects\Ideaflow\latest-main-mew\mew\node_modules\next\dist\server\require-hook.js:65:28)
    at require (node:internal/modules/helpers:147:16) {
  type: 'Error',
  code: 'MODULE_NOT_FOUND',
  requireStack: [
    'D:\\VSCode Projects\\Ideaflow\\nodebook-real\\.next\\server\\webpack-runtime.js',
    'D:\\VSCode Projects\\Ideaflow\\nodebook-real\\.next\\server\\app\\g\\[[...path]]\\page.js',
    'D:\\VSCode Projects\\Ideaflow\\latest-main-mew\\mew\\node_modules\\next\\dist\\server\\require.js',
    'D:\\VSCode Projects\\Ideaflow\\latest-main-mew\\mew\\node_modules\\next\\dist\\server\\load-components.js',
    'D:\\VSCode Projects\\Ideaflow\\latest-main-mew\\mew\\node_modules\\next\\dist\\build\\utils.js',
    'D:\\VSCode Projects\\Ideaflow\\latest-main-mew\\mew\\node_modules\\next\\dist\\server\\dev\\static-paths-worker.js',
    'D:\\VSCode Projects\\Ideaflow\\latest-main-mew\\mew\\node_modules\\next\\dist\\compiled\\jest-worker\\processChild.js'
  ]
}
 ⨯ ./src/app/auth/MewUser.ts
Error: Failed to read source code from D:\VSCode Projects\Ideaflow\nodebook-real\src\app\auth\MewUser.ts

Caused by:
    The system cannot find the file specified. (os error 2)

Import trace for requested module:
./src/app/auth/MewUser.ts
./src/app/contexts/UserContext.ts
./src/app/StoresProvider.tsx
 ⨯ ./src/app/auth/MewUser.ts
Error: Failed to read source code from D:\VSCode Projects\Ideaflow\nodebook-real\src\app\auth\MewUser.ts

Caused by:
    The system cannot find the file specified. (os error 2)

Import trace for requested module:
./src/app/auth/MewUser.ts
./src/app/contexts/UserContext.ts
./src/app/StoresProvider.tsx
 ⚠ Found a change in next.config.mjs. Restarting the server to apply the changes...
 ⚠ Found a change in next.config.mjs. Restarting the server to apply the changes...
